Workbook
Name check: '10x10'!$B$39
Name consMat: Summary!$C$38:$L$47
Name EV_20: '10x10'!$AG$28:$AG$37
Name m_p0: multInp!$B$9:$K$18
Name m_p1: multInp!$M$9:$V$18
Name m_p10: multInp!$B$74:$K$83
Name m_p11: multInp!$M$74:$V$83
Name m_p12: multInp!$B$87:$K$96
Name m_p13: multInp!$M$87:$V$96
Name m_p14: multInp!$B$100:$K$109
Name m_p15: multInp!$M$100:$V$109
Name m_p16: multInp!$B$113:$K$122
Name m_p17: multInp!$M$113:$V$122
Name m_p18: multInp!$B$126:$K$135
Name m_p19: multInp!$M$126:$V$135
Name m_p2: multInp!$B$22:$K$31
Name m_p20: multInp!$B$139:$K$148
Name m_p3: multInp!$M$22:$V$31
Name m_p4: multInp!$B$35:$K$44
Name m_p5: multInp!$M$35:$V$44
Name m_p6: multInp!$B$48:$K$57
Name m_p7: multInp!$M$48:$V$57
Name m_p8: multInp!$B$61:$K$70
Name m_p9: multInp!$M$61:$V$70
Name m_summary: Summary!$C$38:$J$45
Name Matrix1: 'In1'!$C$79:$L$88
Name Matrix10: 'In10'!$C$79:$L$88
Name Matrix11: 'In11'!$C$79:$L$88
Name Matrix12: 'In12'!$C$79:$L$88
Name Matrix13: 'In13'!$C$79:$L$88
Name Matrix14: 'In14'!$C$79:$L$88
Name Matrix15: 'In15'!$C$79:$L$88
Name Matrix16: 'In16'!$C$79:$L$88
Name Matrix17: 'In17'!$C$79:$L$88
Name Matrix18: 'In18'!$C$79:$L$88
Name Matrix19: 'In19'!$C$79:$L$88
Name Matrix2: 'In2'!$C$79:$L$88
Name Matrix20: 'In20'!$C$79:$L$88
Name Matrix3: 'In3'!$C$79:$L$88
Name Matrix4: 'In4'!$C$79:$L$88
Name Matrix5: 'In5'!$C$79:$L$88
Name Matrix6: 'In6'!$C$79:$L$88
Name Matrix7: 'In7'!$C$79:$L$88
Name Matrix8: 'In8'!$C$79:$L$88
Name Matrix9: 'In9'!$C$79:$L$88
Name p_sel: Summary!$B$9
Name RGGM1: 'In1'!$N$91:$N$100
Name RGGM10: 'In10'!$N$91:$N$100
Name RGGM11: 'In11'!$N$91:$N$100
Name RGGM12: 'In12'!$N$91:$N$100
Name RGGM13: 'In13'!$N$91:$N$100
Name RGGM14: 'In14'!$N$91:$N$100
Name RGGM15: 'In15'!$N$91:$N$100
Name RGGM16: 'In16'!$N$91:$N$100
Name RGGM17: 'In17'!$N$91:$N$100
Name RGGM18: 'In18'!$N$91:$N$100
Name RGGM19: 'In19'!$N$91:$N$100
Name RGGM2: 'In2'!$N$91:$N$100
Name RGGM20: 'In20'!$N$91:$N$100
Name RGGM3: 'In3'!$N$91:$N$100

Sheet Summary
A1: AHP Analytic Hierarchy Process (EVM multiple inputs)
A2: K. D. Goepel Version 07.07.2022 | T2: 1 | U2: 2 | V2: 3 | W2: 4 | X2: 5 | Y2: 6 | Z2: 7 | AA2: 8
T3: AHP 1-9 | U3: Log | V3: Sqrt | W3: InvLin | X3: Bal-n | Y3: Power | Z3: Geom | AA3: Adaptive
A5: n= | B5: 3 | D5: Number of criteria (2 to 10) | J5: Scale: | K5: 1 | P5: =HLOOKUP(K5,T2:AA3,2) -> AHP 1-9
A7: N= | B7: 5 | D7: Number of Participants (1 to 20) | J7: a: | K7: 0.1 | N7: Consensus: | P7: =IF(B7>1,IF(OR(K5=1,K5=4,K5=5),(1/M63-1/A91)/(1-1/A91),"n/a"),"n/a") -> #VALUE!
B8: 3 | C8: 9
A9: p= | B9: 0 | D9: selected Participant (0=consol.) | J9: =2+MOD(B9,2)*11 -> 2 | K9: =7+(1+INT((B9-2)/2))*13 -> 7 | M9: =INDIRECT((ADDRESS(K9,J9,,,"multInp"))) -> Consolidated
A11: Objective | B11: Comparing Smoothness Factor Among Conventional Checkout, Self-Checkout and Unmanned Shop
A13: Author | B13: Group 2
A15: Date | G15: Thresh: | H15: 1e-08 | J15: Iterations: | K15: ='10x10'!M40 -> 9 | N15: EVM check: | O15: =check -> 2.592051e-09
A17: Table | B17: Criterion | F17: Comment | O17: Weights | P17: +/-
B18: 1 | C18: Conventional Cashier | O18: =O38 -> 0.36866814 | P18: =IF(B18>$B$5,0,_xlfn.STDEV.S(T50:AC50)) -> 0.032454463 | Q18: =IF(O18<>0,P18/O18,0) -> 0.088031645
B19: 2 | C19: Self-Checkout | O19: =O39 -> 0.22586548 | P19: =IF(B19>$B$5,0,_xlfn.STDEV.S(T51:AC51)) -> 0.019883309 | Q19: =IF(O19<>0,P19/O19,0) -> 0.088031645
B20: 3 | C20: Unmanned Shop | O20: =O40 -> 0.40546639 | P20: =IF(B20>$B$5,0,_xlfn.STDEV.S(T52:AC52)) -> 0.035693873 | Q20: =IF(O20<>0,P20/O20,0) -> 0.088031645
B21: 4 | O21: =O41 -> 2.8277089e-11 | P21: =IF(B21>$B$5,0,_xlfn.STDEV.S(T53:AC53)) -> 0 | Q21: =IF(O21<>0,P21/O21,0) -> 0
B22: 5 | O22: =O42 -> 2.8277089e-11 | P22: =IF(B22>$B$5,0,_xlfn.STDEV.S(T54:AC54)) -> 0 | Q22: =IF(O22<>0,P22/O22,0) -> 0
B23: 6 | O23: =O43 -> 2.8277089e-11 | P23: =IF(B23>$B$5,0,_xlfn.STDEV.S(T55:AC55)) -> 0 | Q23: =IF(O23<>0,P23/O23,0) -> 0
B24: 7 | O24: =O44 -> 2.8277089e-11 | P24: =IF(B24>$B$5,0,_xlfn.STDEV.S(T56:AC56)) -> 0 | Q24: =IF(O24<>0,P24/O24,0) -> 0
B25: 8 | O25: =O45 -> 2.8277089e-11 | P25: =IF(B25>$B$5,0,_xlfn.STDEV.S(T57:AC57)) -> 0 | Q25: =IF(O25<>0,P25/O25,0) -> 0
B26: 9 | F26: for 9&10 unprotect the input sheets and expand the | O26: =O46 -> 2.8277089e-11 | P26: =IF(B26>$B$5,0,_xlfn.STDEV.S(T58:AC58)) -> 0 | Q26: =IF(O26<>0,P26/O26,0) -> 0
B27: 10 | F27: question section ("+" in row 66) | O27: =O47 -> 2.8277089e-11 | P27: =IF(B27>$B$5,0,_xlfn.STDEV.S(T59:AC59)) -> 0 | Q27: =IF(O27<>0,P27/O27,0) -> 0
A30: Result | C30: Eigenvalue | K30: Lambda: | L30: ='10x10'!AG38 -> 3.0077696 | O30: MRE: | P30: =SQRT(SUMSQ(Q18:Q27)/B5) -> 0.088031645
C32: Consistency Ratio | G32: 0.37 | H32: GCI: | I32: =IF(B5>2,2*AC37/(B5-1)/(B5-2),"n/a") -> 0.023293847 | J32: Psi: | K32: =IF(B5>2,2/($B$5-1)/$B$5*SUM(T63:AC72),"n/a") -> 0.33333333 | L32: CR: | M32: =(L30-B5)/((2.7699*B5-4.3513)-B5) -> 0.0081068869 | O32: MRE est | P32: =SQRT(2*ROUND((L30-B5),5)/(B5-1)) -> 0.088147603
A36: Matrix | C36: {=TRANSPOSE(C18:C27)} -> Conventional Cashier | D36: Self-Checkout | E36: Unmanned Shop | F36: 0 | G36: 0 | H36: 0 | I36: 0 | J36: 0 | K36: 0 | L36: 0 | M36: normalized principal Eigenvector | T36: CGI Calculation
C37: 1 | D37: 2 | E37: 3 | F37: 4 | G37: 5 | H37: 6 | I37: 7 | J37: 8 | K37: 9 | L37: 10 | T37: 2 | U37: 3 | V37: 4 | W37: 5 | X37: 6 | Y37: 7 | Z37: 8 | AA37: 9 | AB37: 10 | AC37: =SUM(AC38:AC46) -> 0.023293847
A38: {=C18:C27} -> Conventional Cashier | B38: 1 | C38: 1 | D38: =IF(D50<>0,IF(D50>=1, CHOOSE( $K$5, D50, LOG(D50+1,2), SQRT(D50), 9/(10-D50), (9+($B$5-1)*D50)/(9+$B$5-D50), D50^2, 2^(D50-1),D50^(1+LN($B$5-1)/LN(9))), CHOOSE( $K$5, 1/D50, LOG(1/D50+1,2), SQRT(1/D50), 9/(10-1/D50), (9+($B$5-1)/D50)/(9+$B$5-1/D50), (1/D50)^2, 2^(1/D50-1),(1/D50)^(1+LN($B$5-1)/LN(9)))^-1),0) -> 1.7826025 | E38: =IF(E50<>0,IF(E50>=1, CHOOSE( $K$5, E50, LOG(E50+1,2), SQRT(E50), 9/(10-E50), (9+($B$5-1)*E50)/(9+$B$5-E50), E50^2, 2^(E50-1),E50^(1+LN($B$5-1)/LN(9))), CHOOSE( $K$5, 1/E50, LOG(1/E50+1,2), SQRT(1/E50), 9/(10-1/E50), (9+($B$5-1)/E50)/(9+$B$5-1/E50), (1/E50)^2, 2^(1/E50-1),(1/E50)^(1+LN($B$5-1)/LN(9)))^-1),0) -> 0.83255321 | F38: =IF(F50<>0,IF(F50>=1, CHOOSE( $K$5, F50, LOG(F50+1,2), SQRT(F50), 9/(10-F50), (9+($B$5-1)*F50)/(9+$B$5-F50), F50^2, 2^(F50-1),F50^(1+LN($B$5-1)/LN(9))), CHOOSE( $K$5, 1/F50, LOG(1/F50+1,2), SQRT(1/F50), 9/(10-1/F50), (9+($B$5-1)/F50)/(9+$B$5-1/F50), (1/F50)^2, 2^(1/F50-1),(1/F50)^(1+LN($B$5-1)/LN(9)))^-1),0) -> 0 | G38: =IF(G50<>0,IF(G50>=1, CHOOSE( $K$5, G50, LOG(G50+1,2), SQRT(G50), 9/(10-G50), (9+($B$5-1)*G50)/(9+$B$5-G50), G50^2, 2^(G50-1),G50^(1+LN($B$5-1)/LN(9))), CHOOSE( $K$5, 1/G50, LOG(1/G50+1,2), SQRT(1/G50), 9/(10-1/G50), (9+($B$5-1)/G50)/(9+$B$5-1/G50), (1/G50)^2, 2^(1/G50-1),(1/G50)^(1+LN($B$5-1)/LN(9)))^-1),0) -> 0 | H38: =IF(H50<>0,IF(H50>=1, CHOOSE( $K$5, H50, LOG(H50+1,2), SQRT(H50), 9/(10-H50), (9+($B$5-1)*H50)/(9+$B$5-H50), H50^2, 2^(H50-1),H50^(1+LN($B$5-1)/LN(9))), CHOOSE( $K$5, 1/H50, LOG(1/H50+1,2), SQRT(1/H50), 9/(10-1/H50), (9+($B$5-1)/H50)/(9+$B$5-1/H50), (1/H50)^2, 2^(1/H50-1),(1/H50)^(1+LN($B$5-1)/LN(9)))^-1),0) -> 0 | I38: =IF(I50<>0,IF(I50>=1, CHOOSE( $K$5, I50, LOG(I50+1,2), SQRT(I50), 9/(10-I50), (9+($B$5-1)*I50)/(9+$B$5-I50), I50^2, 2^(I50-1),I50^(1+LN($B$5-1)/LN(9))), CHOOSE( $K$5, 1/I50, LOG(1/I50+1,2), SQRT(1/I50), 9/(10-1/I50), (9+($B$5-1)/I50)/(9+$B$5-1/I50), (1/I50)^2, 2^(1/I50-1),(1/I50)^(1+LN($B$5-1)/LN(9)))^-1),0) -> 0 | J38: =IF(J50<>0,IF(J50>=1, CHOOSE( $K$5, J50, LOG(J50+1,2), SQRT(J50), 9/(10-J50), (9+($B$5-1)*J50)/(9+$B$5-J50), J50^2, 2^(J50-1),J50^(1+LN($B$5-1)/LN(9))), CHOOSE( $K$5, 1/J50, LOG(1/J50+1,2), SQRT(1/J50), 9/(10-1/J50), (9+($B$5-1)/J50)/(9+$B$5-1/J50), (1/J50)^2, 2^(1/J50-1),(1/J50)^(1+LN($B$5-1)/LN(9)))^-1),0) -> 0 | K38: =IF(K50<>0,IF(K50>=1, CHOOSE( $K$5, K50, LOG(K50+1,2), SQRT(K50), 9/(10-K50), (9+($B$5-1)*K50)/(9+$B$5-K50), K50^2, 2^(K50-1),K50^(1+LN($B$5-1)/LN(9))), CHOOSE( $K$5, 1/K50, LOG(1/K50+1,2), SQRT(1/K50), 9/(10-1/K50), (9+($B$5-1)/K50)/(9+$B$5-1/K50), (1/K50)^2, 2^(1/K50-1),(1/K50)^(1+LN($B$5-1)/LN(9)))^-1),0) -> 0 | L38: =IF(L50<>0,IF(L50>=1, CHOOSE( $K$5, L50, LOG(L50+1,2), SQRT(L50), 9/(10-L50), (9+($B$5-1)*L50)/(9+$B$5-L50), L50^2, 2^(L50-1),L50^(1+LN($B$5-1)/LN(9))), CHOOSE( $K$5, 1/L50, LOG(1/L50+1,2), SQRT(1/L50), 9/(10-1/L50), (9+($B$5-1)/L50)/(9+$B$5-1/L50), (1/L50)^2, 2^(1/L50-1),(1/L50)^(1+LN($B$5-1)/LN(9)))^-1),0) -> 0 | O38: {=EV_20} -> 0.36866814 | T38: =IF(OR($B38>$B$5,T$37>$B$5),0,(LN(OFFSET($B$37,$B38,T$37))-LN(OFFSET($O$37,$B38,0)/OFFSET($O$37,T$37,0)))^2) -> 0.0077646156 | U38: =IF(OR($B38>$B$5,U$37>$B$5),0,(LN(OFFSET($B$37,$B38,U$37))-LN(OFFSET($O$37,$B38,0)/OFFSET($O$37,U$37,0)))^2) -> 0.0077646156 | V38: =IF(OR($B38>$B$5,V$37>$B$5),0,(LN(OFFSET($B$37,$B38,V$37))-LN(OFFSET($O$37,$B38,0)/OFFSET($O$37,V$37,0)))^2) -> 0 | W38: =IF(OR($B38>$B$5,W$37>$B$5),0,(LN(OFFSET($B$37,$B38,W$37))-LN(OFFSET($O$37,$B38,0)/OFFSET($O$37,W$37,0)))^2) -> 0 | X38: =IF(OR($B38>$B$5,X$37>$B$5),0,(LN(OFFSET($B$37,$B38,X$37))-LN(OFFSET($O$37,$B38,0)/OFFSET($O$37,X$37,0)))^2) -> 0 | Y38: =IF(OR($B38>$B$5,Y$37>$B$5),0,(LN(OFFSET($B$37,$B38,Y$37))-LN(OFFSET($O$37,$B38,0)/OFFSET($O$37,Y$37,0)))^2) -> 0 | Z38: =IF(OR($B38>$B$5,Z$37>$B$5),0,(LN(OFFSET($B$37,$B38,Z$37))-LN(OFFSET($O$37,$B38,0)/OFFSET($O$37,Z$37,0)))^2) -> 0 | AA38: =IF(OR($B38>$B$5,AA$37>$B$5),0,(LN(OFFSET($B$37,$B38,AA$37))-LN(OFFSET($O$37,$B38,0)/OFFSET($O$37,AA$37,0)))^2) -> 0 | AB38: =IF(OR($B38>$B$5,AB$37>$B$5),0,(LN(OFFSET($B$37,$B38,AB$37))-LN(OFFSET($O$37,$B38,0)/OFFSET($O$37,AB$37,0)))^2) -> 0 | AC38: =SUM(T38:AB38) -> 0.015529231
A39: Self-Checkout | B39: 2 | C39: =IF(INDEX($C$38:$L$47,C$37,$B39)<>0,1/INDEX($C$38:$L$47,C$37,$B39),0) -> 0.56097757 | D39: 1 | E39: =IF(E51<>0,IF(E51>=1, CHOOSE( $K$5, E51, LOG(E51+1,2), SQRT(E51), 9/(10-E51), (9+($B$5-1)*E51)/(9+$B$5-E51), E51^2, 2^(E51-1),E51^(1+LN($B$5-1)/LN(9))), CHOOSE( $K$5, 1/E51, LOG(1/E51+1,2), SQRT(1/E51), 9/(10-1/E51), (9+($B$5-1)/E51)/(9+$B$5-1/E51), (1/E51)^2, 2^(1/E51-1),(1/E51)^(1+LN($B$5-1)/LN(9)))^-1),0) -> 0.60836434 | F39: =IF(F51<>0,IF(F51>=1, CHOOSE( $K$5, F51, LOG(F51+1,2), SQRT(F51), 9/(10-F51), (9+($B$5-1)*F51)/(9+$B$5-F51), F51^2, 2^(F51-1),F51^(1+LN($B$5-1)/LN(9))), CHOOSE( $K$5, 1/F51, LOG(1/F51+1,2), SQRT(1/F51), 9/(10-1/F51), (9+($B$5-1)/F51)/(9+$B$5-1/F51), (1/F51)^2, 2^(1/F51-1),(1/F51)^(1+LN($B$5-1)/LN(9)))^-1),0) -> 0 | G39: =IF(G51<>0,IF(G51>=1, CHOOSE( $K$5, G51, LOG(G51+1,2), SQRT(G51), 9/(10-G51), (9+($B$5-1)*G51)/(9+$B$5-G51), G51^2, 2^(G51-1),G51^(1+LN($B$5-1)/LN(9))), CHOOSE( $K$5, 1/G51, LOG(1/G51+1,2), SQRT(1/G51), 9/(10-1/G51), (9+($B$5-1)/G51)/(9+$B$5-1/G51), (1/G51)^2, 2^(1/G51-1),(1/G51)^(1+LN($B$5-1)/LN(9)))^-1),0) -> 0 | H39: =IF(H51<>0,IF(H51>=1, CHOOSE( $K$5, H51, LOG(H51+1,2), SQRT(H51), 9/(10-H51), (9+($B$5-1)*H51)/(9+$B$5-H51), H51^2, 2^(H51-1),H51^(1+LN($B$5-1)/LN(9))), CHOOSE( $K$5, 1/H51, LOG(1/H51+1,2), SQRT(1/H51), 9/(10-1/H51), (9+($B$5-1)/H51)/(9+$B$5-1/H51), (1/H51)^2, 2^(1/H51-1),(1/H51)^(1+LN($B$5-1)/LN(9)))^-1),0) -> 0 | I39: =IF(I51<>0,IF(I51>=1, CHOOSE( $K$5, I51, LOG(I51+1,2), SQRT(I51), 9/(10-I51), (9+($B$5-1)*I51)/(9+$B$5-I51), I51^2, 2^(I51-1),I51^(1+LN($B$5-1)/LN(9))), CHOOSE( $K$5, 1/I51, LOG(1/I51+1,2), SQRT(1/I51), 9/(10-1/I51), (9+($B$5-1)/I51)/(9+$B$5-1/I51), (1/I51)^2, 2^(1/I51-1),(1/I51)^(1+LN($B$5-1)/LN(9)))^-1),0) -> 0 | J39: =IF(J51<>0,IF(J51>=1, CHOOSE( $K$5, J51, LOG(J51+1,2), SQRT(J51), 9/(10-J51), (9+($B$5-1)*J51)/(9+$B$5-J51), J51^2, 2^(J51-1),J51^(1+LN($B$5-1)/LN(9))), CHOOSE( $K$5, 1/J51, LOG(1/J51+1,2), SQRT(1/J51), 9/(10-1/J51), (9+($B$5-1)/J51)/(9+$B$5-1/J51), (1/J51)^2, 2^(1/J51-1),(1/J51)^(1+LN($B$5-1)/LN(9)))^-1),0) -> 0 | K39: =IF(K51<>0,IF(K51>=1, CHOOSE( $K$5, K51, LOG(K51+1,2), SQRT(K51), 9/(10-K51), (9+($B$5-1)*K51)/(9+$B$5-K51), K51^2, 2^(K51-1),K51^(1+LN($B$5-1)/LN(9))), CHOOSE( $K$5, 1/K51, LOG(1/K51+1,2), SQRT(1/K51), 9/(10-1/K51), (9+($B$5-1)/K51)/(9+$B$5-1/K51), (1/K51)^2, 2^(1/K51-1),(1/K51)^(1+LN($B$5-1)/LN(9)))^-1),0) -> 0 | L39: =IF(L51<>0,IF(L51>=1, CHOOSE( $K$5, L51, LOG(L51+1,2), SQRT(L51), 9/(10-L51), (9+($B$5-1)*L51)/(9+$B$5-L51), L51^2, 2^(L51-1),L51^(1+LN($B$5-1)/LN(9))), CHOOSE( $K$5, 1/L51, LOG(1/L51+1,2), SQRT(1/L51), 9/(10-1/L51), (9+($B$5-1)/L51)/(9+$B$5-1/L51), (1/L51)^2, 2^(1/L51-1),(1/L51)^(1+LN($B$5-1)/LN(9)))^-1),0) -> 0 | O39: 0.22586548 | U39: =IF(OR($B39>$B$5,U$37>$B$5),0,(LN(OFFSET($B$37,$B39,U$37))-LN(OFFSET($O$37,$B39,0)/OFFSET($O$37,U$37,0)))^2) -> 0.0077646156 | V39: =IF(OR($B39>$B$5,V$37>$B$5),0,(LN(OFFSET($B$37,$B39,V$37))-LN(OFFSET($O$37,$B39,0)/OFFSET($O$37,V$37,0)))^2) -> 0 | W39: =IF(OR($B39>$B$5,W$37>$B$5),0,(LN(OFFSET($B$37,$B39,W$37))-LN(OFFSET($O$37,$B39,0)/OFFSET($O$37,W$37,0)))^2) -> 0 | X39: =IF(OR($B39>$B$5,X$37>$B$5),0,(LN(OFFSET($B$37,$B39,X$37))-LN(OFFSET($O$37,$B39,0)/OFFSET($O$37,X$37,0)))^2) -> 0 | Y39: =IF(OR($B39>$B$5,Y$37>$B$5),0,(LN(OFFSET($B$37,$B39,Y$37))-LN(OFFSET($O$37,$B39,0)/OFFSET($O$37,Y$37,0)))^2) -> 0 | Z39: =IF(OR($B39>$B$5,Z$37>$B$5),0,(LN(OFFSET($B$37,$B39,Z$37))-LN(OFFSET($O$37,$B39,0)/OFFSET($O$37,Z$37,0)))^2) -> 0 | AA39: =IF(OR($B39>$B$5,AA$37>$B$5),0,(LN(OFFSET($B$37,$B39,AA$37))-LN(OFFSET($O$37,$B39,0)/OFFSET($O$37,AA$37,0)))^2) -> 0 | AB39: =IF(OR($B39>$B$5,AB$37>$B$5),0,(LN(OFFSET($B$37,$B39,AB$37))-LN(OFFSET($O$37,$B39,0)/OFFSET($O$37,AB$37,0)))^2) -> 0 | AC39: =SUM(T39:AB39) -> 0.0077646156
A40: Unmanned Shop | B40: 3 | C40: =IF(INDEX($C$38:$L$47,C$37,$B40)<>0,1/INDEX($C$38:$L$47,C$37,$B40),0) -> 1.2011244 | D40: =IF(INDEX($C$38:$L$47,D$37,$B40)<>0,1/INDEX($C$38:$L$47,D$37,$B40),0) -> 1.6437518 | E40: 1 | F40: =IF(F52<>0,IF(F52>=1, CHOOSE( $K$5, F52, LOG(F52+1,2), SQRT(F52), 9/(10-F52), (9+($B$5-1)*F52)/(9+$B$5-F52), F52^2, 2^(F52-1),F52^(1+LN($B$5-1)/LN(9))), CHOOSE( $K$5, 1/F52, LOG(1/F52+1,2), SQRT(1/F52), 9/(10-1/F52), (9+($B$5-1)/F52)/(9+$B$5-1/F52), (1/F52)^2, 2^(1/F52-1),(1/F52)^(1+LN($B$5-1)/LN(9)))^-1),0) -> 0 | G40: =IF(G52<>0,IF(G52>=1, CHOOSE( $K$5, G52, LOG(G52+1,2), SQRT(G52), 9/(10-G52), (9+($B$5-1)*G52)/(9+$B$5-G52), G52^2, 2^(G52-1),G52^(1+LN($B$5-1)/LN(9))), CHOOSE( $K$5, 1/G52, LOG(1/G52+1,2), SQRT(1/G52), 9/(10-1/G52), (9+($B$5-1)/G52)/(9+$B$5-1/G52), (1/G52)^2, 2^(1/G52-1),(1/G52)^(1+LN($B$5-1)/LN(9)))^-1),0) -> 0 | H40: =IF(H52<>0,IF(H52>=1, CHOOSE( $K$5, H52, LOG(H52+1,2), SQRT(H52), 9/(10-H52), (9+($B$5-1)*H52)/(9+$B$5-H52), H52^2, 2^(H52-1),H52^(1+LN($B$5-1)/LN(9))), CHOOSE( $K$5, 1/H52, LOG(1/H52+1,2), SQRT(1/H52), 9/(10-1/H52), (9+($B$5-1)/H52)/(9+$B$5-1/H52), (1/H52)^2, 2^(1/H52-1),(1/H52)^(1+LN($B$5-1)/LN(9)))^-1),0) -> 0 | I40: =IF(I52<>0,IF(I52>=1, CHOOSE( $K$5, I52, LOG(I52+1,2), SQRT(I52), 9/(10-I52), (9+($B$5-1)*I52)/(9+$B$5-I52), I52^2, 2^(I52-1),I52^(1+LN($B$5-1)/LN(9))), CHOOSE( $K$5, 1/I52, LOG(1/I52+1,2), SQRT(1/I52), 9/(10-1/I52), (9+($B$5-1)/I52)/(9+$B$5-1/I52), (1/I52)^2, 2^(1/I52-1),(1/I52)^(1+LN($B$5-1)/LN(9)))^-1),0) -> 0 | J40: =IF(J52<>0,IF(J52>=1, CHOOSE( $K$5, J52, LOG(J52+1,2), SQRT(J52), 9/(10-J52), (9+($B$5-1)*J52)/(9+$B$5-J52), J52^2, 2^(J52-1),J52^(1+LN($B$5-1)/LN(9))), CHOOSE( $K$5, 1/J52, LOG(1/J52+1,2), SQRT(1/J52), 9/(10-1/J52), (9+($B$5-1)/J52)/(9+$B$5-1/J52), (1/J52)^2, 2^(1/J52-1),(1/J52)^(1+LN($B$5-1)/LN(9)))^-1),0) -> 0 | K40: =IF(K52<>0,IF(K52>=1, CHOOSE( $K$5, K52, LOG(K52+1,2), SQRT(K52), 9/(10-K52), (9+($B$5-1)*K52)/(9+$B$5-K52), K52^2, 2^(K52-1),K52^(1+LN($B$5-1)/LN(9))), CHOOSE( $K$5, 1/K52, LOG(1/K52+1,2), SQRT(1/K52), 9/(10-1/K52), (9+($B$5-1)/K52)/(9+$B$5-1/K52), (1/K52)^2, 2^(1/K52-1),(1/K52)^(1+LN($B$5-1)/LN(9)))^-1),0) -> 0 | L40: =IF(L52<>0,IF(L52>=1, CHOOSE( $K$5, L52, LOG(L52+1,2), SQRT(L52), 9/(10-L52), (9+($B$5-1)*L52)/(9+$B$5-L52), L52^2, 2^(L52-1),L52^(1+LN($B$5-1)/LN(9))), CHOOSE( $K$5, 1/L52, LOG(1/L52+1,2), SQRT(1/L52), 9/(10-1/L52), (9+($B$5-1)/L52)/(9+$B$5-1/L52), (1/L52)^2, 2^(1/L52-1),(1/L52)^(1+LN($B$5-1)/LN(9)))^-1),0) -> 0 | O40: 0.40546639 | V40: =IF(OR($B40>$B$5,V$37>$B$5),0,(LN(OFFSET($B$37,$B40,V$37))-LN(OFFSET($O$37,$B40,0)/OFFSET($O$37,V$37,0)))^2) -> 0 | W40: =IF(OR($B40>$B$5,W$37>$B$5),0,(LN(OFFSET($B$37,$B40,W$37))-LN(OFFSET($O$37,$B40,0)/OFFSET($O$37,W$37,0)))^2) -> 0 | X40: =IF(OR($B40>$B$5,X$37>$B$5),0,(LN(OFFSET($B$37,$B40,X$37))-LN(OFFSET($O$37,$B40,0)/OFFSET($O$37,X$37,0)))^2) -> 0 | Y40: =IF(OR($B40>$B$5,Y$37>$B$5),0,(LN(OFFSET($B$37,$B40,Y$37))-LN(OFFSET($O$37,$B40,0)/OFFSET($O$37,Y$37,0)))^2) -> 0 | Z40: =IF(OR($B40>$B$5,Z$37>$B$5),0,(LN(OFFSET($B$37,$B40,Z$37))-LN(OFFSET($O$37,$B40,0)/OFFSET($O$37,Z$37,0)))^2) -> 0 | AA40: =IF(OR($B40>$B$5,AA$37>$B$5),0,(LN(OFFSET($B$37,$B40,AA$37))-LN(OFFSET($O$37,$B40,0)/OFFSET($O$37,AA$37,0)))^2) -> 0 | AB40: =IF(OR($B40>$B$5,AB$37>$B$5),0,(LN(OFFSET($B$37,$B40,AB$37))-LN(OFFSET($O$37,$B40,0)/OFFSET($O$37,AB$37,0)))^2) -> 0 | AC40: =SUM(T40:AB40) -> 0
A41: 0 | B41: 4 | C41: =IF(INDEX($C$38:$L$47,C$37,$B41)<>0,1/INDEX($C$38:$L$47,C$37,$B41),0) -> 0 | D41: =IF(INDEX($C$38:$L$47,D$37,$B41)<>0,1/INDEX($C$38:$L$47,D$37,$B41),0) -> 0 | E41: =IF(INDEX($C$38:$L$47,E$37,$B41)<>0,1/INDEX($C$38:$L$47,E$37,$B41),0) -> 0 | F41: 1 | G41: =IF(G53<>0,IF(G53>=1, CHOOSE( $K$5, G53, LOG(G53+1,2), SQRT(G53), 9/(10-G53), (9+($B$5-1)*G53)/(9+$B$5-G53), G53^2, 2^(G53-1),G53^(1+LN($B$5-1)/LN(9))), CHOOSE( $K$5, 1/G53, LOG(1/G53+1,2), SQRT(1/G53), 9/(10-1/G53), (9+($B$5-1)/G53)/(9+$B$5-1/G53), (1/G53)^2, 2^(1/G53-1),(1/G53)^(1+LN($B$5-1)/LN(9)))^-1),0) -> 0 | H41: =IF(H53<>0,IF(H53>=1, CHOOSE( $K$5, H53, LOG(H53+1,2), SQRT(H53), 9/(10-H53), (9+($B$5-1)*H53)/(9+$B$5-H53), H53^2, 2^(H53-1),H53^(1+LN($B$5-1)/LN(9))), CHOOSE( $K$5, 1/H53, LOG(1/H53+1,2), SQRT(1/H53), 9/(10-1/H53), (9+($B$5-1)/H53)/(9+$B$5-1/H53), (1/H53)^2, 2^(1/H53-1),(1/H53)^(1+LN($B$5-1)/LN(9)))^-1),0) -> 0 | I41: =IF(I53<>0,IF(I53>=1, CHOOSE( $K$5, I53, LOG(I53+1,2), SQRT(I53), 9/(10-I53), (9+($B$5-1)*I53)/(9+$B$5-I53), I53^2, 2^(I53-1),I53^(1+LN($B$5-1)/LN(9))), CHOOSE( $K$5, 1/I53, LOG(1/I53+1,2), SQRT(1/I53), 9/(10-1/I53), (9+($B$5-1)/I53)/(9+$B$5-1/I53), (1/I53)^2, 2^(1/I53-1),(1/I53)^(1+LN($B$5-1)/LN(9)))^-1),0) -> 0 | J41: =IF(J53<>0,IF(J53>=1, CHOOSE( $K$5, J53, LOG(J53+1,2), SQRT(J53), 9/(10-J53), (9+($B$5-1)*J53)/(9+$B$5-J53), J53^2, 2^(J53-1),J53^(1+LN($B$5-1)/LN(9))), CHOOSE( $K$5, 1/J53, LOG(1/J53+1,2), SQRT(1/J53), 9/(10-1/J53), (9+($B$5-1)/J53)/(9+$B$5-1/J53), (1/J53)^2, 2^(1/J53-1),(1/J53)^(1+LN($B$5-1)/LN(9)))^-1),0) -> 0 | K41: =IF(K53<>0,IF(K53>=1, CHOOSE( $K$5, K53, LOG(K53+1,2), SQRT(K53), 9/(10-K53), (9+($B$5-1)*K53)/(9+$B$5-K53), K53^2, 2^(K53-1),K53^(1+LN($B$5-1)/LN(9))), CHOOSE( $K$5, 1/K53, LOG(1/K53+1,2), SQRT(1/K53), 9/(10-1/K53), (9+($B$5-1)/K53)/(9+$B$5-1/K53), (1/K53)^2, 2^(1/K53-1),(1/K53)^(1+LN($B$5-1)/LN(9)))^-1),0) -> 0 | L41: =IF(L53<>0,IF(L53>=1, CHOOSE( $K$5, L53, LOG(L53+1,2), SQRT(L53), 9/(10-L53), (9+($B$5-1)*L53)/(9+$B$5-L53), L53^2, 2^(L53-1),L53^(1+LN($B$5-1)/LN(9))), CHOOSE( $K$5, 1/L53, LOG(1/L53+1,2), SQRT(1/L53), 9/(10-1/L53), (9+($B$5-1)/L53)/(9+$B$5-1/L53), (1/L53)^2, 2^(1/L53-1),(1/L53)^(1+LN($B$5-1)/LN(9)))^-1),0) -> 0 | O41: 2.8277089e-11 | W41: =IF(OR($B41>$B$5,W$37>$B$5),0,(LN(OFFSET($B$37,$B41,W$37))-LN(OFFSET($O$37,$B41,0)/OFFSET($O$37,W$37,0)))^2) -> 0 | X41: =IF(OR($B41>$B$5,X$37>$B$5),0,(LN(OFFSET($B$37,$B41,X$37))-LN(OFFSET($O$37,$B41,0)/OFFSET($O$37,X$37,0)))^2) -> 0 | Y41: =IF(OR($B41>$B$5,Y$37>$B$5),0,(LN(OFFSET($B$37,$B41,Y$37))-LN(OFFSET($O$37,$B41,0)/OFFSET($O$37,Y$37,0)))^2) -> 0 | Z41: =IF(OR($B41>$B$5,Z$37>$B$5),0,(LN(OFFSET($B$37,$B41,Z$37))-LN(OFFSET($O$37,$B41,0)/OFFSET($O$37,Z$37,0)))^2) -> 0 | AA41: =IF(OR($B41>$B$5,AA$37>$B$5),0,(LN(OFFSET($B$37,$B41,AA$37))-LN(OFFSET($O$37,$B41,0)/OFFSET($O$37,AA$37,0)))^2) -> 0 | AB41: =IF(OR($B41>$B$5,AB$37>$B$5),0,(LN(OFFSET($B$37,$B41,AB$37))-LN(OFFSET($O$37,$B41,0)/OFFSET($O$37,AB$37,0)))^2) -> 0 | AC41: =SUM(T41:AB41) -> 0
A42: 0 | B42: 5 | C42: =IF(INDEX($C$38:$L$47,C$37,$B42)<>0,1/INDEX($C$38:$L$47,C$37,$B42),0) -> 0 | D42: =IF(INDEX($C$38:$L$47,D$37,$B42)<>0,1/INDEX($C$38:$L$47,D$37,$B42),0) -> 0 | E42: =IF(INDEX($C$38:$L$47,E$37,$B42)<>0,1/INDEX($C$38:$L$47,E$37,$B42),0) -> 0 | F42: =IF(INDEX($C$38:$L$47,F$37,$B42)<>0,1/INDEX($C$38:$L$47,F$37,$B42),0) -> 0 | G42: 1 | H42: =IF(H54<>0,IF(H54>=1, CHOOSE( $K$5, H54, LOG(H54+1,2), SQRT(H54), 9/(10-H54), (9+($B$5-1)*H54)/(9+$B$5-H54), H54^2, 2^(H54-1),H54^(1+LN($B$5-1)/LN(9))), CHOOSE( $K$5, 1/H54, LOG(1/H54+1,2), SQRT(1/H54), 9/(10-1/H54), (9+($B$5-1)/H54)/(9+$B$5-1/H54), (1/H54)^2, 2^(1/H54-1),(1/H54)^(1+LN($B$5-1)/LN(9)))^-1),0) -> 0 | I42: =IF(I54<>0,IF(I54>=1, CHOOSE( $K$5, I54, LOG(I54+1,2), SQRT(I54), 9/(10-I54), (9+($B$5-1)*I54)/(9+$B$5-I54), I54^2, 2^(I54-1),I54^(1+LN($B$5-1)/LN(9))), CHOOSE( $K$5, 1/I54, LOG(1/I54+1,2), SQRT(1/I54), 9/(10-1/I54), (9+($B$5-1)/I54)/(9+$B$5-1/I54), (1/I54)^2, 2^(1/I54-1),(1/I54)^(1+LN($B$5-1)/LN(9)))^-1),0) -> 0 | J42: =IF(J54<>0,IF(J54>=1, CHOOSE( $K$5, J54, LOG(J54+1,2), SQRT(J54), 9/(10-J54), (9+($B$5-1)*J54)/(9+$B$5-J54), J54^2, 2^(J54-1),J54^(1+LN($B$5-1)/LN(9))), CHOOSE( $K$5, 1/J54, LOG(1/J54+1,2), SQRT(1/J54), 9/(10-1/J54), (9+($B$5-1)/J54)/(9+$B$5-1/J54), (1/J54)^2, 2^(1/J54-1),(1/J54)^(1+LN($B$5-1)/LN(9)))^-1),0) -> 0 | K42: =IF(K54<>0,IF(K54>=1, CHOOSE( $K$5, K54, LOG(K54+1,2), SQRT(K54), 9/(10-K54), (9+($B$5-1)*K54)/(9+$B$5-K54), K54^2, 2^(K54-1),K54^(1+LN($B$5-1)/LN(9))), CHOOSE( $K$5, 1/K54, LOG(1/K54+1,2), SQRT(1/K54), 9/(10-1/K54), (9+($B$5-1)/K54)/(9+$B$5-1/K54), (1/K54)^2, 2^(1/K54-1),(1/K54)^(1+LN($B$5-1)/LN(9)))^-1),0) -> 0 | L42: =IF(L54<>0,IF(L54>=1, CHOOSE( $K$5, L54, LOG(L54+1,2), SQRT(L54), 9/(10-L54), (9+($B$5-1)*L54)/(9+$B$5-L54), L54^2, 2^(L54-1),L54^(1+LN($B$5-1)/LN(9))), CHOOSE( $K$5, 1/L54, LOG(1/L54+1,2), SQRT(1/L54), 9/(10-1/L54), (9+($B$5-1)/L54)/(9+$B$5-1/L54), (1/L54)^2, 2^(1/L54-1),(1/L54)^(1+LN($B$5-1)/LN(9)))^-1),0) -> 0 | O42: 2.8277089e-11 | X42: =IF(OR($B42>$B$5,X$37>$B$5),0,(LN(OFFSET($B$37,$B42,X$37))-LN(OFFSET($O$37,$B42,0)/OFFSET($O$37,X$37,0)))^2) -> 0 | Y42: =IF(OR($B42>$B$5,Y$37>$B$5),0,(LN(OFFSET($B$37,$B42,Y$37))-LN(OFFSET($O$37,$B42,0)/OFFSET($O$37,Y$37,0)))^2) -> 0 | Z42: =IF(OR($B42>$B$5,Z$37>$B$5),0,(LN(OFFSET($B$37,$B42,Z$37))-LN(OFFSET($O$37,$B42,0)/OFFSET($O$37,Z$37,0)))^2) -> 0 | AA42: =IF(OR($B42>$B$5,AA$37>$B$5),0,(LN(OFFSET($B$37,$B42,AA$37))-LN(OFFSET($O$37,$B42,0)/OFFSET($O$37,AA$37,0)))^2) -> 0 | AB42: =IF(OR($B42>$B$5,AB$37>$B$5),0,(LN(OFFSET($B$37,$B42,AB$37))-LN(OFFSET($O$37,$B42,0)/OFFSET($O$37,AB$37,0)))^2) -> 0 | AC42: =SUM(T42:AB42) -> 0
A43: 0 | B43: 6 | C43: =IF(INDEX($C$38:$L$47,C$37,$B43)<>0,1/INDEX($C$38:$L$47,C$37,$B43),0) -> 0 | D43: =IF(INDEX($C$38:$L$47,D$37,$B43)<>0,1/INDEX($C$38:$L$47,D$37,$B43),0) -> 0 | E43: =IF(INDEX($C$38:$L$47,E$37,$B43)<>0,1/INDEX($C$38:$L$47,E$37,$B43),0) -> 0 | F43: =IF(INDEX($C$38:$L$47,F$37,$B43)<>0,1/INDEX($C$38:$L$47,F$37,$B43),0) -> 0 | G43: =IF(INDEX($C$38:$L$47,G$37,$B43)<>0,1/INDEX($C$38:$L$47,G$37,$B43),0) -> 0 | H43: 1 | I43: =IF(I55<>0,IF(I55>=1, CHOOSE( $K$5, I55, LOG(I55+1,2), SQRT(I55), 9/(10-I55), (9+($B$5-1)*I55)/(9+$B$5-I55), I55^2, 2^(I55-1),I55^(1+LN($B$5-1)/LN(9))), CHOOSE( $K$5, 1/I55, LOG(1/I55+1,2), SQRT(1/I55), 9/(10-1/I55), (9+($B$5-1)/I55)/(9+$B$5-1/I55), (1/I55)^2, 2^(1/I55-1),(1/I55)^(1+LN($B$5-1)/LN(9)))^-1),0) -> 0 | J43: =IF(J55<>0,IF(J55>=1, CHOOSE( $K$5, J55, LOG(J55+1,2), SQRT(J55), 9/(10-J55), (9+($B$5-1)*J55)/(9+$B$5-J55), J55^2, 2^(J55-1),J55^(1+LN($B$5-1)/LN(9))), CHOOSE( $K$5, 1/J55, LOG(1/J55+1,2), SQRT(1/J55), 9/(10-1/J55), (9+($B$5-1)/J55)/(9+$B$5-1/J55), (1/J55)^2, 2^(1/J55-1),(1/J55)^(1+LN($B$5-1)/LN(9)))^-1),0) -> 0 | K43: =IF(K55<>0,IF(K55>=1, CHOOSE( $K$5, K55, LOG(K55+1,2), SQRT(K55), 9/(10-K55), (9+($B$5-1)*K55)/(9+$B$5-K55), K55^2, 2^(K55-1),K55^(1+LN($B$5-1)/LN(9))), CHOOSE( $K$5, 1/K55, LOG(1/K55+1,2), SQRT(1/K55), 9/(10-1/K55), (9+($B$5-1)/K55)/(9+$B$5-1/K55), (1/K55)^2, 2^(1/K55-1),(1/K55)^(1+LN($B$5-1)/LN(9)))^-1),0) -> 0 | L43: =IF(L55<>0,IF(L55>=1, CHOOSE( $K$5, L55, LOG(L55+1,2), SQRT(L55), 9/(10-L55), (9+($B$5-1)*L55)/(9+$B$5-L55), L55^2, 2^(L55-1),L55^(1+LN($B$5-1)/LN(9))), CHOOSE( $K$5, 1/L55, LOG(1/L55+1,2), SQRT(1/L55), 9/(10-1/L55), (9+($B$5-1)/L55)/(9+$B$5-1/L55), (1/L55)^2, 2^(1/L55-1),(1/L55)^(1+LN($B$5-1)/LN(9)))^-1),0) -> 0 | O43: 2.8277089e-11 | Y43: =IF(OR($B43>$B$5,Y$37>$B$5),0,(LN(OFFSET($B$37,$B43,Y$37))-LN(OFFSET($O$37,$B43,0)/OFFSET($O$37,Y$37,0)))^2) -> 0 | Z43: =IF(OR($B43>$B$5,Z$37>$B$5),0,(LN(OFFSET($B$37,$B43,Z$37))-LN(OFFSET($O$37,$B43,0)/OFFSET($O$37,Z$37,0)))^2) -> 0 | AA43: =IF(OR($B43>$B$5,AA$37>$B$5),0,(LN(OFFSET($B$37,$B43,AA$37))-LN(OFFSET($O$37,$B43,0)/OFFSET($O$37,AA$37,0)))^2) -> 0 | AB43: =IF(OR($B43>$B$5,AB$37>$B$5),0,(LN(OFFSET($B$37,$B43,AB$37))-LN(OFFSET($O$37,$B43,0)/OFFSET($O$37,AB$37,0)))^2) -> 0 | AC43: =SUM(T43:AB43) -> 0
A44: 0 | B44: 7 | C44: =IF(INDEX($C$38:$L$47,C$37,$B44)<>0,1/INDEX($C$38:$L$47,C$37,$B44),0) -> 0 | D44: =IF(INDEX($C$38:$L$47,D$37,$B44)<>0,1/INDEX($C$38:$L$47,D$37,$B44),0) -> 0 | E44: =IF(INDEX($C$38:$L$47,E$37,$B44)<>0,1/INDEX($C$38:$L$47,E$37,$B44),0) -> 0 | F44: =IF(INDEX($C$38:$L$47,F$37,$B44)<>0,1/INDEX($C$38:$L$47,F$37,$B44),0) -> 0 | G44: =IF(INDEX($C$38:$L$47,G$37,$B44)<>0,1/INDEX($C$38:$L$47,G$37,$B44),0) -> 0 | H44: =IF(INDEX($C$38:$L$47,H$37,$B44)<>0,1/INDEX($C$38:$L$47,H$37,$B44),0) -> 0 | I44: 1 | J44: =IF(J56<>0,IF(J56>=1, CHOOSE( $K$5, J56, LOG(J56+1,2), SQRT(J56), 9/(10-J56), (9+($B$5-1)*J56)/(9+$B$5-J56), J56^2, 2^(J56-1),J56^(1+LN($B$5-1)/LN(9))), CHOOSE( $K$5, 1/J56, LOG(1/J56+1,2), SQRT(1/J56), 9/(10-1/J56), (9+($B$5-1)/J56)/(9+$B$5-1/J56), (1/J56)^2, 2^(1/J56-1),(1/J56)^(1+LN($B$5-1)/LN(9)))^-1),0) -> 0 | K44: =IF(K56<>0,IF(K56>=1, CHOOSE( $K$5, K56, LOG(K56+1,2), SQRT(K56), 9/(10-K56), (9+($B$5-1)*K56)/(9+$B$5-K56), K56^2, 2^(K56-1),K56^(1+LN($B$5-1)/LN(9))), CHOOSE( $K$5, 1/K56, LOG(1/K56+1,2), SQRT(1/K56), 9/(10-1/K56), (9+($B$5-1)/K56)/(9+$B$5-1/K56), (1/K56)^2, 2^(1/K56-1),(1/K56)^(1+LN($B$5-1)/LN(9)))^-1),0) -> 0 | L44: =IF(L56<>0,IF(L56>=1, CHOOSE( $K$5, L56, LOG(L56+1,2), SQRT(L56), 9/(10-L56), (9+($B$5-1)*L56)/(9+$B$5-L56), L56^2, 2^(L56-1),L56^(1+LN($B$5-1)/LN(9))), CHOOSE( $K$5, 1/L56, LOG(1/L56+1,2), SQRT(1/L56), 9/(10-1/L56), (9+($B$5-1)/L56)/(9+$B$5-1/L56), (1/L56)^2, 2^(1/L56-1),(1/L56)^(1+LN($B$5-1)/LN(9)))^-1),0) -> 0 | O44: 2.8277089e-11 | Z44: =IF(OR($B44>$B$5,Z$37>$B$5),0,(LN(OFFSET($B$37,$B44,Z$37))-LN(OFFSET($O$37,$B44,0)/OFFSET($O$37,Z$37,0)))^2) -> 0 | AA44: =IF(OR($B44>$B$5,AA$37>$B$5),0,(LN(OFFSET($B$37,$B44,AA$37))-LN(OFFSET($O$37,$B44,0)/OFFSET($O$37,AA$37,0)))^2) -> 0 | AB44: =IF(OR($B44>$B$5,AB$37>$B$5),0,(LN(OFFSET($B$37,$B44,AB$37))-LN(OFFSET($O$37,$B44,0)/OFFSET($O$37,AB$37,0)))^2) -> 0 | AC44: =SUM(T44:AB44) -> 0
A45: 0 | B45: 8 | C45: =IF(INDEX($C$38:$L$47,C$37,$B45)<>0,1/INDEX($C$38:$L$47,C$37,$B45),0) -> 0 | D45: =IF(INDEX($C$38:$L$47,D$37,$B45)<>0,1/INDEX($C$38:$L$47,D$37,$B45),0) -> 0 | E45: =IF(INDEX($C$38:$L$47,E$37,$B45)<>0,1/INDEX($C$38:$L$47,E$37,$B45),0) -> 0 | F45: =IF(INDEX($C$38:$L$47,F$37,$B45)<>0,1/INDEX($C$38:$L$47,F$37,$B45),0) -> 0 | G45: =IF(INDEX($C$38:$L$47,G$37,$B45)<>0,1/INDEX($C$38:$L$47,G$37,$B45),0) -> 0 | H45: =IF(INDEX($C$38:$L$47,H$37,$B45)<>0,1/INDEX($C$38:$L$47,H$37,$B45),0) -> 0 | I45: =IF(INDEX($C$38:$L$47,I$37,$B45)<>0,1/INDEX($C$38:$L$47,I$37,$B45),0) -> 0 | J45: 1 | K45: =IF(K57<>0,IF(K57>=1, CHOOSE( $K$5, K57, LOG(K57+1,2), SQRT(K57), 9/(10-K57), (9+($B$5-1)*K57)/(9+$B$5-K57), K57^2, 2^(K57-1),K57^(1+LN($B$5-1)/LN(9))), CHOOSE( $K$5, 1/K57, LOG(1/K57+1,2), SQRT(1/K57), 9/(10-1/K57), (9+($B$5-1)/K57)/(9+$B$5-1/K57), (1/K57)^2, 2^(1/K57-1),(1/K57)^(1+LN($B$5-1)/LN(9)))^-1),0) -> 0 | L45: =IF(L57<>0,IF(L57>=1, CHOOSE( $K$5, L57, LOG(L57+1,2), SQRT(L57), 9/(10-L57), (9+($B$5-1)*L57)/(9+$B$5-L57), L57^2, 2^(L57-1),L57^(1+LN($B$5-1)/LN(9))), CHOOSE( $K$5, 1/L57, LOG(1/L57+1,2), SQRT(1/L57), 9/(10-1/L57), (9+($B$5-1)/L57)/(9+$B$5-1/L57), (1/L57)^2, 2^(1/L57-1),(1/L57)^(1+LN($B$5-1)/LN(9)))^-1),0) -> 0 | O45: 2.8277089e-11 | AA45: =IF(OR($B45>$B$5,AA$37>$B$5),0,(LN(OFFSET($B$37,$B45,AA$37))-LN(OFFSET($O$37,$B45,0)/OFFSET($O$37,AA$37,0)))^2) -> 0 | AB45: =IF(OR($B45>$B$5,AB$37>$B$5),0,(LN(OFFSET($B$37,$B45,AB$37))-LN(OFFSET($O$37,$B45,0)/OFFSET($O$37,AB$37,0)))^2) -> 0 | AC45: =SUM(T45:AB45) -> 0
A46: 0 | B46: 9 | C46: =IF(INDEX($C$38:$L$47,C$37,$B46)<>0,1/INDEX($C$38:$L$47,C$37,$B46),0) -> 0 | D46: =IF(INDEX($C$38:$L$47,D$37,$B46)<>0,1/INDEX($C$38:$L$47,D$37,$B46),0) -> 0 | E46: =IF(INDEX($C$38:$L$47,E$37,$B46)<>0,1/INDEX($C$38:$L$47,E$37,$B46),0) -> 0 | F46: =IF(INDEX($C$38:$L$47,F$37,$B46)<>0,1/INDEX($C$38:$L$47,F$37,$B46),0) -> 0 | G46: =IF(INDEX($C$38:$L$47,G$37,$B46)<>0,1/INDEX($C$38:$L$47,G$37,$B46),0) -> 0 | H46: =IF(INDEX($C$38:$L$47,H$37,$B46)<>0,1/INDEX($C$38:$L$47,H$37,$B46),0) -> 0 | I46: =IF(INDEX($C$38:$L$47,I$37,$B46)<>0,1/INDEX($C$38:$L$47,I$37,$B46),0) -> 0 | J46: =IF(INDEX($C$38:$L$47,J$37,$B46)<>0,1/INDEX($C$38:$L$47,J$37,$B46),0) -> 0 | K46: 1 | L46: =IF(L58<>0,IF(L58>=1, CHOOSE( $K$5, L58, LOG(L58+1,2), SQRT(L58), 9/(10-L58), (9+($B$5-1)*L58)/(9+$B$5-L58), L58^2, 2^(L58-1),L58^(1+LN($B$5-1)/LN(9))), CHOOSE( $K$5, 1/L58, LOG(1/L58+1,2), SQRT(1/L58), 9/(10-1/L58), (9+($B$5-1)/L58)/(9+$B$5-1/L58), (1/L58)^2, 2^(1/L58-1),(1/L58)^(1+LN($B$5-1)/LN(9)))^-1),0) -> 0 | O46: 2.8277089e-11 | AB46: =IF(OR($B46>$B$5,AB$37>$B$5),0,(LN(OFFSET($B$37,$B46,AB$37))-LN(OFFSET($O$37,$B46,0)/OFFSET($O$37,AB$37,0)))^2) -> 0 | AC46: =SUM(T46:AB46) -> 0
A47: 0 | B47: 10 | C47: =IF(INDEX($C$38:$L$47,C$37,$B47)<>0,1/INDEX($C$38:$L$47,C$37,$B47),0) -> 0 | D47: =IF(INDEX($C$38:$L$47,D$37,$B47)<>0,1/INDEX($C$38:$L$47,D$37,$B47),0) -> 0 | E47: =IF(INDEX($C$38:$L$47,E$37,$B47)<>0,1/INDEX($C$38:$L$47,E$37,$B47),0) -> 0 | F47: =IF(INDEX($C$38:$L$47,F$37,$B47)<>0,1/INDEX($C$38:$L$47,F$37,$B47),0) -> 0 | G47: =IF(INDEX($C$38:$L$47,G$37,$B47)<>0,1/INDEX($C$38:$L$47,G$37,$B47),0) -> 0 | H47: =IF(INDEX($C$38:$L$47,H$37,$B47)<>0,1/INDEX($C$38:$L$47,H$37,$B47),0) -> 0 | I47: =IF(INDEX($C$38:$L$47,I$37,$B47)<>0,1/INDEX($C$38:$L$47,I$37,$B47),0) -> 0 | J47: =IF(INDEX($C$38:$L$47,J$37,$B47)<>0,1/INDEX($C$38:$L$47,J$37,$B47),0) -> 0 | K47: =IF(INDEX($C$38:$L$47,K$37,$B47)<>0,1/INDEX($C$38:$L$47,K$37,$B47),0) -> 0 | L47: 1 | O47: 2.8277089e-11
T48: Error calculation EVM (Tomashevskii)
C49: 1 | D49: 2 | E49: 3 | F49: 4 | G49: 5 | H49: 6 | I49: 7 | J49: 8 | K49: 9 | L49: 10 | S49: i: | T49: 1 | U49: 2 | V49: 3 | W49: 4 | X49: 5 | Y49: 6 | Z49: 7 | AA49: 8 | AB49: 9 | AC49: 10
A50: Unscaled | B50: 1 | C50: {=CHOOSE(p_sel+1,m_p0,m_p1,m_p2,m_p3,m_p4,m_p5,m_p6,m_p7,m_p8,m_p9,m_p10,m_p11,m_p12,m_p13,m_p14,m_p15,m_p16,m_p17,m_p18,m_p19,m_p20)} -> 0 | D50: 1.7826025 | E50: 0.83255321 | F50: 0 | G50: 0 | H50: 0 | I50: 0 | J50: 0 | K50: 0 | L50: 0 | S50: 1 | T50: =IF(OR($S50>$B$5,T$49>$B$5),"-",$B$5/$L$30*INDEX($C$38:$L$47,$S50,T$49)*INDEX($O$38:$O$47,T$49,0)) -> 0.3677158 | U50: =IF(OR($S50>$B$5,U$49>$B$5),"-",$B$5/$L$30*INDEX($C$38:$L$47,$S50,U$49)*INDEX($O$38:$O$47,U$49,0)) -> 0.40158829 | V50: =IF(OR($S50>$B$5,V$49>$B$5),"-",$B$5/$L$30*INDEX($C$38:$L$47,$S50,V$49)*INDEX($O$38:$O$47,V$49,0)) -> 0.33670033 | W50: =IF(OR($S50>$B$5,W$49>$B$5),"-",$B$5/$L$30*INDEX($C$38:$L$47,$S50,W$49)*INDEX($O$38:$O$47,W$49,0)) -> - | X50: =IF(OR($S50>$B$5,X$49>$B$5),"-",$B$5/$L$30*INDEX($C$38:$L$47,$S50,X$49)*INDEX($O$38:$O$47,X$49,0)) -> - | Y50: =IF(OR($S50>$B$5,Y$49>$B$5),"-",$B$5/$L$30*INDEX($C$38:$L$47,$S50,Y$49)*INDEX($O$38:$O$47,Y$49,0)) -> - | Z50: =IF(OR($S50>$B$5,Z$49>$B$5),"-",$B$5/$L$30*INDEX($C$38:$L$47,$S50,Z$49)*INDEX($O$38:$O$47,Z$49,0)) -> - | AA50: =IF(OR($S50>$B$5,AA$49>$B$5),"-",$B$5/$L$30*INDEX($C$38:$L$47,$S50,AA$49)*INDEX($O$38:$O$47,AA$49,0)) -> - | ... AC50: =IF(OR($S50>$B$5,AC$49>$B$5),"-",$B$5/$L$30*INDEX($C$38:$L$47,$S50,AC$49)*INDEX($O$38:$O$47,AC$49,0)) -> -
B51: 2 | C51: 0.56097757 | D51: 0 | E51: 0.60836434 | F51: 0 | G51: 0 | H51: 0 | I51: 0 | J51: 0 | K51: 0 | L51: 0 | S51: 2 | T51: =IF(OR($S51>$B$5,T$49>$B$5),"-",$B$5/$L$30*INDEX($C$38:$L$47,$S51,T$49)*INDEX($O$38:$O$47,T$49,0)) -> 0.20628032 | U51: =IF(OR($S51>$B$5,U$49>$B$5),"-",$B$5/$L$30*INDEX($C$38:$L$47,$S51,U$49)*INDEX($O$38:$O$47,U$49,0)) -> 0.22528202 | V51: =IF(OR($S51>$B$5,V$49>$B$5),"-",$B$5/$L$30*INDEX($C$38:$L$47,$S51,V$49)*INDEX($O$38:$O$47,V$49,0)) -> 0.24603409 | W51: =IF(OR($S51>$B$5,W$49>$B$5),"-",$B$5/$L$30*INDEX($C$38:$L$47,$S51,W$49)*INDEX($O$38:$O$47,W$49,0)) -> - | X51: =IF(OR($S51>$B$5,X$49>$B$5),"-",$B$5/$L$30*INDEX($C$38:$L$47,$S51,X$49)*INDEX($O$38:$O$47,X$49,0)) -> - | Y51: =IF(OR($S51>$B$5,Y$49>$B$5),"-",$B$5/$L$30*INDEX($C$38:$L$47,$S51,Y$49)*INDEX($O$38:$O$47,Y$49,0)) -> - | Z51: =IF(OR($S51>$B$5,Z$49>$B$5),"-",$B$5/$L$30*INDEX($C$38:$L$47,$S51,Z$49)*INDEX($O$38:$O$47,Z$49,0)) -> - | AA51: =IF(OR($S51>$B$5,AA$49>$B$5),"-",$B$5/$L$30*INDEX($C$38:$L$47,$S51,AA$49)*INDEX($O$38:$O$47,AA$49,0)) -> - | ... AC51: =IF(OR($S51>$B$5,AC$49>$B$5),"-",$B$5/$L$30*INDEX($C$38:$L$47,$S51,AC$49)*INDEX($O$38:$O$47,AC$49,0)) -> -
B52: 3 | C52: 1.2011244 | D52: 1.6437518 | E52: 0 | F52: 0 | G52: 0 | H52: 0 | I52: 0 | J52: 0 | K52: 0 | L52: 0 | S52: 3 | T52: =IF(OR($S52>$B$5,T$49>$B$5),"-",$B$5/$L$30*INDEX($C$38:$L$47,$S52,T$49)*INDEX($O$38:$O$47,T$49,0)) -> 0.44167243 | U52: =IF(OR($S52>$B$5,U$49>$B$5),"-",$B$5/$L$30*INDEX($C$38:$L$47,$S52,U$49)*INDEX($O$38:$O$47,U$49,0)) -> 0.37030774 | V52: =IF(OR($S52>$B$5,V$49>$B$5),"-",$B$5/$L$30*INDEX($C$38:$L$47,$S52,V$49)*INDEX($O$38:$O$47,V$49,0)) -> 0.40441899 | W52: =IF(OR($S52>$B$5,W$49>$B$5),"-",$B$5/$L$30*INDEX($C$38:$L$47,$S52,W$49)*INDEX($O$38:$O$47,W$49,0)) -> - | X52: =IF(OR($S52>$B$5,X$49>$B$5),"-",$B$5/$L$30*INDEX($C$38:$L$47,$S52,X$49)*INDEX($O$38:$O$47,X$49,0)) -> - | Y52: =IF(OR($S52>$B$5,Y$49>$B$5),"-",$B$5/$L$30*INDEX($C$38:$L$47,$S52,Y$49)*INDEX($O$38:$O$47,Y$49,0)) -> - | Z52: =IF(OR($S52>$B$5,Z$49>$B$5),"-",$B$5/$L$30*INDEX($C$38:$L$47,$S52,Z$49)*INDEX($O$38:$O$47,Z$49,0)) -> - | AA52: =IF(OR($S52>$B$5,AA$49>$B$5),"-",$B$5/$L$30*INDEX($C$38:$L$47,$S52,AA$49)*INDEX($O$38:$O$47,AA$49,0)) -> - | ... AC52: =IF(OR($S52>$B$5,AC$49>$B$5),"-",$B$5/$L$30*INDEX($C$38:$L$47,$S52,AC$49)*INDEX($O$38:$O$47,AC$49,0)) -> -
B53: 4 | C53: 0 | D53: 0 | E53: 0 | F53: 0 | G53: 0 | H53: 0 | I53: 0 | J53: 0 | K53: 0 | L53: 0 | S53: 4 | T53: =IF(OR($S53>$B$5,T$49>$B$5),"-",$B$5/$L$30*INDEX($C$38:$L$47,$S53,T$49)*INDEX($O$38:$O$47,T$49,0)) -> - | U53: =IF(OR($S53>$B$5,U$49>$B$5),"-",$B$5/$L$30*INDEX($C$38:$L$47,$S53,U$49)*INDEX($O$38:$O$47,U$49,0)) -> - | V53: =IF(OR($S53>$B$5,V$49>$B$5),"-",$B$5/$L$30*INDEX($C$38:$L$47,$S53,V$49)*INDEX($O$38:$O$47,V$49,0)) -> - | W53: =IF(OR($S53>$B$5,W$49>$B$5),"-",$B$5/$L$30*INDEX($C$38:$L$47,$S53,W$49)*INDEX($O$38:$O$47,W$49,0)) -> - | X53: =IF(OR($S53>$B$5,X$49>$B$5),"-",$B$5/$L$30*INDEX($C$38:$L$47,$S53,X$49)*INDEX($O$38:$O$47,X$49,0)) -> - | Y53: =IF(OR($S53>$B$5,Y$49>$B$5),"-",$B$5/$L$30*INDEX($C$38:$L$47,$S53,Y$49)*INDEX($O$38:$O$47,Y$49,0)) -> - | Z53: =IF(OR($S53>$B$5,Z$49>$B$5),"-",$B$5/$L$30*INDEX($C$38:$L$47,$S53,Z$49)*INDEX($O$38:$O$47,Z$49,0)) -> - | AA53: =IF(OR($S53>$B$5,AA$49>$B$5),"-",$B$5/$L$30*INDEX($C$38:$L$47,$S53,AA$49)*INDEX($O$38:$O$47,AA$49,0)) -> - | ... AC53: =IF(OR($S53>$B$5,AC$49>$B$5),"-",$B$5/$L$30*INDEX($C$38:$L$47,$S53,AC$49)*INDEX($O$38:$O$47,AC$49,0)) -> -
B54: 5 | C54: 0 | D54: 0 | E54: 0 | F54: 0 | G54: 0 | H54: 0 | I54: 0 | J54: 0 | K54: 0 | L54: 0 | S54: 5 | T54: =IF(OR($S54>$B$5,T$49>$B$5),"-",$B$5/$L$30*INDEX($C$38:$L$47,$S54,T$49)*INDEX($O$38:$O$47,T$49,0)) -> - | U54: =IF(OR($S54>$B$5,U$49>$B$5),"-",$B$5/$L$30*INDEX($C$38:$L$47,$S54,U$49)*INDEX($O$38:$O$47,U$49,0)) -> - | V54: =IF(OR($S54>$B$5,V$49>$B$5),"-",$B$5/$L$30*INDEX($C$38:$L$47,$S54,V$49)*INDEX($O$38:$O$47,V$49,0)) -> - | W54: =IF(OR($S54>$B$5,W$49>$B$5),"-",$B$5/$L$30*INDEX($C$38:$L$47,$S54,W$49)*INDEX($O$38:$O$47,W$49,0)) -> - | X54: =IF(OR($S54>$B$5,X$49>$B$5),"-",$B$5/$L$30*INDEX($C$38:$L$47,$S54,X$49)*INDEX($O$38:$O$47,X$49,0)) -> - | Y54: =IF(OR($S54>$B$5,Y$49>$B$5),"-",$B$5/$L$30*INDEX($C$38:$L$47,$S54,Y$49)*INDEX($O$38:$O$47,Y$49,0)) -> - | Z54: =IF(OR($S54>$B$5,Z$49>$B$5),"-",$B$5/$L$30*INDEX($C$38:$L$47,$S54,Z$49)*INDEX($O$38:$O$47,Z$49,0)) -> - | AA54: =IF(OR($S54>$B$5,AA$49>$B$5),"-",$B$5/$L$30*INDEX($C$38:$L$47,$S54,AA$49)*INDEX($O$38:$O$47,AA$49,0)) -> - | ... AC54: =IF(OR($S54>$B$5,AC$49>$B$5),"-",$B$5/$L$30*INDEX($C$38:$L$47,$S54,AC$49)*INDEX($O$38:$O$47,AC$49,0)) -> -
B55: 6 | C55: 0 | D55: 0 | E55: 0 | F55: 0 | G55: 0 | H55: 0 | I55: 0 | J55: 0 | K55: 0 | L55: 0 | S55: 6 | T55: =IF(OR($S55>$B$5,T$49>$B$5),"-",$B$5/$L$30*INDEX($C$38:$L$47,$S55,T$49)*INDEX($O$38:$O$47,T$49,0)) -> - | U55: =IF(OR($S55>$B$5,U$49>$B$5),"-",$B$5/$L$30*INDEX($C$38:$L$47,$S55,U$49)*INDEX($O$38:$O$47,U$49,0)) -> - | V55: =IF(OR($S55>$B$5,V$49>$B$5),"-",$B$5/$L$30*INDEX($C$38:$L$47,$S55,V$49)*INDEX($O$38:$O$47,V$49,0)) -> - | W55: =IF(OR($S55>$B$5,W$49>$B$5),"-",$B$5/$L$30*INDEX($C$38:$L$47,$S55,W$49)*INDEX($O$38:$O$47,W$49,0)) -> - | X55: =IF(OR($S55>$B$5,X$49>$B$5),"-",$B$5/$L$30*INDEX($C$38:$L$47,$S55,X$49)*INDEX($O$38:$O$47,X$49,0)) -> - | Y55: =IF(OR($S55>$B$5,Y$49>$B$5),"-",$B$5/$L$30*INDEX($C$38:$L$47,$S55,Y$49)*INDEX($O$38:$O$47,Y$49,0)) -> - | Z55: =IF(OR($S55>$B$5,Z$49>$B$5),"-",$B$5/$L$30*INDEX($C$38:$L$47,$S55,Z$49)*INDEX($O$38:$O$47,Z$49,0)) -> - | AA55: =IF(OR($S55>$B$5,AA$49>$B$5),"-",$B$5/$L$30*INDEX($C$38:$L$47,$S55,AA$49)*INDEX($O$38:$O$47,AA$49,0)) -> - | ... AC55: =IF(OR($S55>$B$5,AC$49>$B$5),"-",$B$5/$L$30*INDEX($C$38:$L$47,$S55,AC$49)*INDEX($O$38:$O$47,AC$49,0)) -> -
B56: 7 | C56: 0 | D56: 0 | E56: 0 | F56: 0 | G56: 0 | H56: 0 | I56: 0 | J56: 0 | K56: 0 | L56: 0 | S56: 7 | T56: =IF(OR($S56>$B$5,T$49>$B$5),"-",$B$5/$L$30*INDEX($C$38:$L$47,$S56,T$49)*INDEX($O$38:$O$47,T$49,0)) -> - | U56: =IF(OR($S56>$B$5,U$49>$B$5),"-",$B$5/$L$30*INDEX($C$38:$L$47,$S56,U$49)*INDEX($O$38:$O$47,U$49,0)) -> - | V56: =IF(OR($S56>$B$5,V$49>$B$5),"-",$B$5/$L$30*INDEX($C$38:$L$47,$S56,V$49)*INDEX($O$38:$O$47,V$49,0)) -> - | W56: =IF(OR($S56>$B$5,W$49>$B$5),"-",$B$5/$L$30*INDEX($C$38:$L$47,$S56,W$49)*INDEX($O$38:$O$47,W$49,0)) -> - | X56: =IF(OR($S56>$B$5,X$49>$B$5),"-",$B$5/$L$30*INDEX($C$38:$L$47,$S56,X$49)*INDEX($O$38:$O$47,X$49,0)) -> - | Y56: =IF(OR($S56>$B$5,Y$49>$B$5),"-",$B$5/$L$30*INDEX($C$38:$L$47,$S56,Y$49)*INDEX($O$38:$O$47,Y$49,0)) -> - | Z56: =IF(OR($S56>$B$5,Z$49>$B$5),"-",$B$5/$L$30*INDEX($C$38:$L$47,$S56,Z$49)*INDEX($O$38:$O$47,Z$49,0)) -> - | AA56: =IF(OR($S56>$B$5,AA$49>$B$5),"-",$B$5/$L$30*INDEX($C$38:$L$47,$S56,AA$49)*INDEX($O$38:$O$47,AA$49,0)) -> - | ... AC56: =IF(OR($S56>$B$5,AC$49>$B$5),"-",$B$5/$L$30*INDEX($C$38:$L$47,$S56,AC$49)*INDEX($O$38:$O$47,AC$49,0)) -> -
B57: 8 | C57: 0 | D57: 0 | E57: 0 | F57: 0 | G57: 0 | H57: 0 | I57: 0 | J57: 0 | K57: 0 | L57: 0 | S57: 8 | T57: =IF(OR($S57>$B$5,T$49>$B$5),"-",$B$5/$L$30*INDEX($C$38:$L$47,$S57,T$49)*INDEX($O$38:$O$47,T$49,0)) -> - | U57: =IF(OR($S57>$B$5,U$49>$B$5),"-",$B$5/$L$30*INDEX($C$38:$L$47,$S57,U$49)*INDEX($O$38:$O$47,U$49,0)) -> - | V57: =IF(OR($S57>$B$5,V$49>$B$5),"-",$B$5/$L$30*INDEX($C$38:$L$47,$S57,V$49)*INDEX($O$38:$O$47,V$49,0)) -> - | W57: =IF(OR($S57>$B$5,W$49>$B$5),"-",$B$5/$L$30*INDEX($C$38:$L$47,$S57,W$49)*INDEX($O$38:$O$47,W$49,0)) -> - | X57: =IF(OR($S57>$B$5,X$49>$B$5),"-",$B$5/$L$30*INDEX($C$38:$L$47,$S57,X$49)*INDEX($O$38:$O$47,X$49,0)) -> - | Y57: =IF(OR($S57>$B$5,Y$49>$B$5),"-",$B$5/$L$30*INDEX($C$38:$L$47,$S57,Y$49)*INDEX($O$38:$O$47,Y$49,0)) -> - | Z57: =IF(OR($S57>$B$5,Z$49>$B$5),"-",$B$5/$L$30*INDEX($C$38:$L$47,$S57,Z$49)*INDEX($O$38:$O$47,Z$49,0)) -> - | AA57: =IF(OR($S57>$B$5,AA$49>$B$5),"-",$B$5/$L$30*INDEX($C$38:$L$47,$S57,AA$49)*INDEX($O$38:$O$47,AA$49,0)) -> - | ... AC57: =IF(OR($S57>$B$5,AC$49>$B$5),"-",$B$5/$L$30*INDEX($C$38:$L$47,$S57,AC$49)*INDEX($O$38:$O$47,AC$49,0)) -> -
B58: 9 | C58: 0 | D58: 0 | E58: 0 | F58: 0 | G58: 0 | H58: 0 | I58: 0 | J58: 0 | K58: 0 | L58: 0 | S58: 9 | T58: =IF(OR($S58>$B$5,T$49>$B$5),"-",$B$5/$L$30*INDEX($C$38:$L$47,$S58,T$49)*INDEX($O$38:$O$47,T$49,0)) -> - | U58: =IF(OR($S58>$B$5,U$49>$B$5),"-",$B$5/$L$30*INDEX($C$38:$L$47,$S58,U$49)*INDEX($O$38:$O$47,U$49,0)) -> - | V58: =IF(OR($S58>$B$5,V$49>$B$5),"-",$B$5/$L$30*INDEX($C$38:$L$47,$S58,V$49)*INDEX($O$38:$O$47,V$49,0)) -> - | W58: =IF(OR($S58>$B$5,W$49>$B$5),"-",$B$5/$L$30*INDEX($C$38:$L$47,$S58,W$49)*INDEX($O$38:$O$47,W$49,0)) -> - | X58: =IF(OR($S58>$B$5,X$49>$B$5),"-",$B$5/$L$30*INDEX($C$38:$L$47,$S58,X$49)*INDEX($O$38:$O$47,X$49,0)) -> - | Y58: =IF(OR($S58>$B$5,Y$49>$B$5),"-",$B$5/$L$30*INDEX($C$38:$L$47,$S58,Y$49)*INDEX($O$38:$O$47,Y$49,0)) -> - | Z58: =IF(OR($S58>$B$5,Z$49>$B$5),"-",$B$5/$L$30*INDEX($C$38:$L$47,$S58,Z$49)*INDEX($O$38:$O$47,Z$49,0)) -> - | AA58: =IF(OR($S58>$B$5,AA$49>$B$5),"-",$B$5/$L$30*INDEX($C$38:$L$47,$S58,AA$49)*INDEX($O$38:$O$47,AA$49,0)) -> - | ... AC58: =IF(OR($S58>$B$5,AC$49>$B$5),"-",$B$5/$L$30*INDEX($C$38:$L$47,$S58,AC$49)*INDEX($O$38:$O$47,AC$49,0)) -> -
B59: 10 | C59: 0 | D59: 0 | E59: 0 | F59: 0 | G59: 0 | H59: 0 | I59: 0 | J59: 0 | K59: 0 | L59: 0 | S59: 10 | T59: =IF(OR($S59>$B$5,T$49>$B$5),"-",$B$5/$L$30*INDEX($C$38:$L$47,$S59,T$49)*INDEX($O$38:$O$47,T$49,0)) -> - | U59: =IF(OR($S59>$B$5,U$49>$B$5),"-",$B$5/$L$30*INDEX($C$38:$L$47,$S59,U$49)*INDEX($O$38:$O$47,U$49,0)) -> - | V59: =IF(OR($S59>$B$5,V$49>$B$5),"-",$B$5/$L$30*INDEX($C$38:$L$47,$S59,V$49)*INDEX($O$38:$O$47,V$49,0)) -> - | W59: =IF(OR($S59>$B$5,W$49>$B$5),"-",$B$5/$L$30*INDEX($C$38:$L$47,$S59,W$49)*INDEX($O$38:$O$47,W$49,0)) -> - | X59: =IF(OR($S59>$B$5,X$49>$B$5),"-",$B$5/$L$30*INDEX($C$38:$L$47,$S59,X$49)*INDEX($O$38:$O$47,X$49,0)) -> - | Y59: =IF(OR($S59>$B$5,Y$49>$B$5),"-",$B$5/$L$30*INDEX($C$38:$L$47,$S59,Y$49)*INDEX($O$38:$O$47,Y$49,0)) -> - | Z59: =IF(OR($S59>$B$5,Z$49>$B$5),"-",$B$5/$L$30*INDEX($C$38:$L$47,$S59,Z$49)*INDEX($O$38:$O$47,Z$49,0)) -> - | AA59: =IF(OR($S59>$B$5,AA$49>$B$5),"-",$B$5/$L$30*INDEX($C$38:$L$47,$S59,AA$49)*INDEX($O$38:$O$47,AA$49,0)) -> - | ... AC59: =IF(OR($S59>$B$5,AC$49>$B$5),"-",$B$5/$L$30*INDEX($C$38:$L$47,$S59,AC$49)*INDEX($O$38:$O$47,AC$49,0)) -> -
T61: Dissonance (Ordinal Inconsistency):
A62: Calculation of Consensus Indicator based on RGGM results | T62: 1 | U62: 2 | V62: 3 | W62: 4 | X62: 5 | Y62: 6 | Z62: 7 | AA62: 8 | AB62: 9 | AC62: 10
C63: 1 | D63: 2 | E63: 3 | F63: 4 | G63: 5 | H63: 6 | I63: 7 | J63: 8 | K63: 9 | L63: 10 | M63: =M105/M84 -> #VALUE! | N63: b | S63: 1 | U63: =IF(OR($S63>$B$5,U$62>$B$5),0, 1/($B$5-2)*( IF(AND($S63<>1,U$62<>1, $B$5>0),IF(-LN(INDEX(consMat,$S63,U$62))*LN(INDEX(consMat,$S63,1)*INDEX(consMat,1,U$62))>0,1,0),0) +IF(AND($S63<>2,U$62<>2,$B$5>1),IF(-LN(INDEX(consMat,$S63,U$62))*LN(INDEX(consMat,$S63,2)*INDEX(consMat,2,U$62))>0,1,0),0) +IF(AND($S63<>3,U$62<>3,$B$5>2),IF(-LN(INDEX(consMat,$S63,U$62))*LN(INDEX(consMat,$S63,3)*INDEX(consMat,3,U$62))>0,1,0),0) +IF(AND($S63<>4,U$62<>4,$B$5>3),IF(-LN(INDEX(consMat,$S63,U$62))*LN(INDEX(consMat,$S63,4)*INDEX(consMat,4,U$62))>0,1,0),0) +IF(AND($S63<>5,U$62<>5,$B$5>4),IF(-LN(INDEX(consMat,$S63,U$62))*LN(INDEX(consMat,$S63,5)*INDEX(consMat,5,U$62))>0,1,0),0) +IF(AND($S63<>6,U$62<>6,$B$5>5),IF(-LN(INDEX(consMat,$S63,U$62))*LN(INDEX(consMat,$S63,6)*INDEX(consMat,6,U$62))>0,1,0),0) +IF(AND($S63<>7,U$62<>7,$B$5>6),IF(-LN(INDEX(consMat,$S63,U$62))*LN(INDEX(consMat,$S63,7)*INDEX(consMat,7,U$62))>0,1,0),0) +IF(AND($S63<>8,U$62<>8,$B$5>7),IF(-LN(INDEX(consMat,$S63,U$62))*LN(INDEX(consMat,$S63,8)*INDEX(consMat,8,U$62))>0,1,0),0) +IF(AND($S63<>9,U$62<>9,$B$5>8),IF(-LN(INDEX(consMat,$S63,U$62))*LN(INDEX(consMat,$S63,9)*INDEX(consMat,9,U$62))>0,1,0),0) +IF(AND($S63<>10,U$62<>10,$B$5>9),IF(-LN(INDEX(consMat,$S63,U$62))*LN(INDEX(consMat,$S63,10)*INDEX(consMat,10,U$62))>0,1,0))) ) -> 0 | V63: =IF(OR($S63>$B$5,V$62>$B$5),0, 1/($B$5-2)*( IF(AND($S63<>1,V$62<>1, $B$5>0),IF(-LN(INDEX(consMat,$S63,V$62))*LN(INDEX(consMat,$S63,1)*INDEX(consMat,1,V$62))>0,1,0),0) +IF(AND($S63<>2,V$62<>2,$B$5>1),IF(-LN(INDEX(consMat,$S63,V$62))*LN(INDEX(consMat,$S63,2)*INDEX(consMat,2,V$62))>0,1,0),0) +IF(AND($S63<>3,V$62<>3,$B$5>2),IF(-LN(INDEX(consMat,$S63,V$62))*LN(INDEX(consMat,$S63,3)*INDEX(consMat,3,V$62))>0,1,0),0) +IF(AND($S63<>4,V$62<>4,$B$5>3),IF(-LN(INDEX(consMat,$S63,V$62))*LN(INDEX(consMat,$S63,4)*INDEX(consMat,4,V$62))>0,1,0),0) +IF(AND($S63<>5,V$62<>5,$B$5>4),IF(-LN(INDEX(consMat,$S63,V$62))*LN(INDEX(consMat,$S63,5)*INDEX(consMat,5,V$62))>0,1,0),0) +IF(AND($S63<>6,V$62<>6,$B$5>5),IF(-LN(INDEX(consMat,$S63,V$62))*LN(INDEX(consMat,$S63,6)*INDEX(consMat,6,V$62))>0,1,0),0) +IF(AND($S63<>7,V$62<>7,$B$5>6),IF(-LN(INDEX(consMat,$S63,V$62))*LN(INDEX(consMat,$S63,7)*INDEX(consMat,7,V$62))>0,1,0),0) +IF(AND($S63<>8,V$62<>8,$B$5>7),IF(-LN(INDEX(consMat,$S63,V$62))*LN(INDEX(consMat,$S63,8)*INDEX(consMat,8,V$62))>0,1,0),0) +IF(AND($S63<>9,V$62<>9,$B$5>8),IF(-LN(INDEX(consMat,$S63,V$62))*LN(INDEX(consMat,$S63,9)*INDEX(consMat,9,V$62))>0,1,0),0) +IF(AND($S63<>10,V$62<>10,$B$5>9),IF(-LN(INDEX(consMat,$S63,V$62))*LN(INDEX(consMat,$S63,10)*INDEX(consMat,10,V$62))>0,1,0))) ) -> 1 | W63: =IF(OR($S63>$B$5,W$62>$B$5),0, 1/($B$5-2)*( IF(AND($S63<>1,W$62<>1, $B$5>0),IF(-LN(INDEX(consMat,$S63,W$62))*LN(INDEX(consMat,$S63,1)*INDEX(consMat,1,W$62))>0,1,0),0) +IF(AND($S63<>2,W$62<>2,$B$5>1),IF(-LN(INDEX(consMat,$S63,W$62))*LN(INDEX(consMat,$S63,2)*INDEX(consMat,2,W$62))>0,1,0),0) +IF(AND($S63<>3,W$62<>3,$B$5>2),IF(-LN(INDEX(consMat,$S63,W$62))*LN(INDEX(consMat,$S63,3)*INDEX(consMat,3,W$62))>0,1,0),0) +IF(AND($S63<>4,W$62<>4,$B$5>3),IF(-LN(INDEX(consMat,$S63,W$62))*LN(INDEX(consMat,$S63,4)*INDEX(consMat,4,W$62))>0,1,0),0) +IF(AND($S63<>5,W$62<>5,$B$5>4),IF(-LN(INDEX(consMat,$S63,W$62))*LN(INDEX(consMat,$S63,5)*INDEX(consMat,5,W$62))>0,1,0),0) +IF(AND($S63<>6,W$62<>6,$B$5>5),IF(-LN(INDEX(consMat,$S63,W$62))*LN(INDEX(consMat,$S63,6)*INDEX(consMat,6,W$62))>0,1,0),0) +IF(AND($S63<>7,W$62<>7,$B$5>6),IF(-LN(INDEX(consMat,$S63,W$62))*LN(INDEX(consMat,$S63,7)*INDEX(consMat,7,W$62))>0,1,0),0) +IF(AND($S63<>8,W$62<>8,$B$5>7),IF(-LN(INDEX(consMat,$S63,W$62))*LN(INDEX(consMat,$S63,8)*INDEX(consMat,8,W$62))>0,1,0),0) +IF(AND($S63<>9,W$62<>9,$B$5>8),IF(-LN(INDEX(consMat,$S63,W$62))*LN(INDEX(consMat,$S63,9)*INDEX(consMat,9,W$62))>0,1,0),0) +IF(AND($S63<>10,W$62<>10,$B$5>9),IF(-LN(INDEX(consMat,$S63,W$62))*LN(INDEX(consMat,$S63,10)*INDEX(consMat,10,W$62))>0,1,0))) ) -> 0 | X63: =IF(OR($S63>$B$5,X$62>$B$5),0, 1/($B$5-2)*( IF(AND($S63<>1,X$62<>1, $B$5>0),IF(-LN(INDEX(consMat,$S63,X$62))*LN(INDEX(consMat,$S63,1)*INDEX(consMat,1,X$62))>0,1,0),0) +IF(AND($S63<>2,X$62<>2,$B$5>1),IF(-LN(INDEX(consMat,$S63,X$62))*LN(INDEX(consMat,$S63,2)*INDEX(consMat,2,X$62))>0,1,0),0) +IF(AND($S63<>3,X$62<>3,$B$5>2),IF(-LN(INDEX(consMat,$S63,X$62))*LN(INDEX(consMat,$S63,3)*INDEX(consMat,3,X$62))>0,1,0),0) +IF(AND($S63<>4,X$62<>4,$B$5>3),IF(-LN(INDEX(consMat,$S63,X$62))*LN(INDEX(consMat,$S63,4)*INDEX(consMat,4,X$62))>0,1,0),0) +IF(AND($S63<>5,X$62<>5,$B$5>4),IF(-LN(INDEX(consMat,$S63,X$62))*LN(INDEX(consMat,$S63,5)*INDEX(consMat,5,X$62))>0,1,0),0) +IF(AND($S63<>6,X$62<>6,$B$5>5),IF(-LN(INDEX(consMat,$S63,X$62))*LN(INDEX(consMat,$S63,6)*INDEX(consMat,6,X$62))>0,1,0),0) +IF(AND($S63<>7,X$62<>7,$B$5>6),IF(-LN(INDEX(consMat,$S63,X$62))*LN(INDEX(consMat,$S63,7)*INDEX(consMat,7,X$62))>0,1,0),0) +IF(AND($S63<>8,X$62<>8,$B$5>7),IF(-LN(INDEX(consMat,$S63,X$62))*LN(INDEX(consMat,$S63,8)*INDEX(consMat,8,X$62))>0,1,0),0) +IF(AND($S63<>9,X$62<>9,$B$5>8),IF(-LN(INDEX(consMat,$S63,X$62))*LN(INDEX(consMat,$S63,9)*INDEX(consMat,9,X$62))>0,1,0),0) +IF(AND($S63<>10,X$62<>10,$B$5>9),IF(-LN(INDEX(consMat,$S63,X$62))*LN(INDEX(consMat,$S63,10)*INDEX(consMat,10,X$62))>0,1,0))) ) -> 0 | Y63: =IF(OR($S63>$B$5,Y$62>$B$5),0, 1/($B$5-2)*( IF(AND($S63<>1,Y$62<>1, $B$5>0),IF(-LN(INDEX(consMat,$S63,Y$62))*LN(INDEX(consMat,$S63,1)*INDEX(consMat,1,Y$62))>0,1,0),0) +IF(AND($S63<>2,Y$62<>2,$B$5>1),IF(-LN(INDEX(consMat,$S63,Y$62))*LN(INDEX(consMat,$S63,2)*INDEX(consMat,2,Y$62))>0,1,0),0) +IF(AND($S63<>3,Y$62<>3,$B$5>2),IF(-LN(INDEX(consMat,$S63,Y$62))*LN(INDEX(consMat,$S63,3)*INDEX(consMat,3,Y$62))>0,1,0),0) +IF(AND($S63<>4,Y$62<>4,$B$5>3),IF(-LN(INDEX(consMat,$S63,Y$62))*LN(INDEX(consMat,$S63,4)*INDEX(consMat,4,Y$62))>0,1,0),0) +IF(AND($S63<>5,Y$62<>5,$B$5>4),IF(-LN(INDEX(consMat,$S63,Y$62))*LN(INDEX(consMat,$S63,5)*INDEX(consMat,5,Y$62))>0,1,0),0) +IF(AND($S63<>6,Y$62<>6,$B$5>5),IF(-LN(INDEX(consMat,$S63,Y$62))*LN(INDEX(consMat,$S63,6)*INDEX(consMat,6,Y$62))>0,1,0),0) +IF(AND($S63<>7,Y$62<>7,$B$5>6),IF(-LN(INDEX(consMat,$S63,Y$62))*LN(INDEX(consMat,$S63,7)*INDEX(consMat,7,Y$62))>0,1,0),0) +IF(AND($S63<>8,Y$62<>8,$B$5>7),IF(-LN(INDEX(consMat,$S63,Y$62))*LN(INDEX(consMat,$S63,8)*INDEX(consMat,8,Y$62))>0,1,0),0) +IF(AND($S63<>9,Y$62<>9,$B$5>8),IF(-LN(INDEX(consMat,$S63,Y$62))*LN(INDEX(consMat,$S63,9)*INDEX(consMat,9,Y$62))>0,1,0),0) +IF(AND($S63<>10,Y$62<>10,$B$5>9),IF(-LN(INDEX(consMat,$S63,Y$62))*LN(INDEX(consMat,$S63,10)*INDEX(consMat,10,Y$62))>0,1,0))) ) -> 0 | Z63: =IF(OR($S63>$B$5,Z$62>$B$5),0, 1/($B$5-2)*( IF(AND($S63<>1,Z$62<>1, $B$5>0),IF(-LN(INDEX(consMat,$S63,Z$62))*LN(INDEX(consMat,$S63,1)*INDEX(consMat,1,Z$62))>0,1,0),0) +IF(AND($S63<>2,Z$62<>2,$B$5>1),IF(-LN(INDEX(consMat,$S63,Z$62))*LN(INDEX(consMat,$S63,2)*INDEX(consMat,2,Z$62))>0,1,0),0) +IF(AND($S63<>3,Z$62<>3,$B$5>2),IF(-LN(INDEX(consMat,$S63,Z$62))*LN(INDEX(consMat,$S63,3)*INDEX(consMat,3,Z$62))>0,1,0),0) +IF(AND($S63<>4,Z$62<>4,$B$5>3),IF(-LN(INDEX(consMat,$S63,Z$62))*LN(INDEX(consMat,$S63,4)*INDEX(consMat,4,Z$62))>0,1,0),0) +IF(AND($S63<>5,Z$62<>5,$B$5>4),IF(-LN(INDEX(consMat,$S63,Z$62))*LN(INDEX(consMat,$S63,5)*INDEX(consMat,5,Z$62))>0,1,0),0) +IF(AND($S63<>6,Z$62<>6,$B$5>5),IF(-LN(INDEX(consMat,$S63,Z$62))*LN(INDEX(consMat,$S63,6)*INDEX(consMat,6,Z$62))>0,1,0),0) +IF(AND($S63<>7,Z$62<>7,$B$5>6),IF(-LN(INDEX(consMat,$S63,Z$62))*LN(INDEX(consMat,$S63,7)*INDEX(consMat,7,Z$62))>0,1,0),0) +IF(AND($S63<>8,Z$62<>8,$B$5>7),IF(-LN(INDEX(consMat,$S63,Z$62))*LN(INDEX(consMat,$S63,8)*INDEX(consMat,8,Z$62))>0,1,0),0) +IF(AND($S63<>9,Z$62<>9,$B$5>8),IF(-LN(INDEX(consMat,$S63,Z$62))*LN(INDEX(consMat,$S63,9)*INDEX(consMat,9,Z$62))>0,1,0),0) +IF(AND($S63<>10,Z$62<>10,$B$5>9),IF(-LN(INDEX(consMat,$S63,Z$62))*LN(INDEX(consMat,$S63,10)*INDEX(consMat,10,Z$62))>0,1,0))) ) -> 0 | AA63: =IF(OR($S63>$B$5,AA$62>$B$5),0, 1/($B$5-2)*( IF(AND($S63<>1,AA$62<>1, $B$5>0),IF(-LN(INDEX(consMat,$S63,AA$62))*LN(INDEX(consMat,$S63,1)*INDEX(consMat,1,AA$62))>0,1,0),0) +IF(AND($S63<>2,AA$62<>2,$B$5>1),IF(-LN(INDEX(consMat,$S63,AA$62))*LN(INDEX(consMat,$S63,2)*INDEX(consMat,2,AA$62))>0,1,0),0) +IF(AND($S63<>3,AA$62<>3,$B$5>2),IF(-LN(INDEX(consMat,$S63,AA$62))*LN(INDEX(consMat,$S63,3)*INDEX(consMat,3,AA$62))>0,1,0),0) +IF(AND($S63<>4,AA$62<>4,$B$5>3),IF(-LN(INDEX(consMat,$S63,AA$62))*LN(INDEX(consMat,$S63,4)*INDEX(consMat,4,AA$62))>0,1,0),0) +IF(AND($S63<>5,AA$62<>5,$B$5>4),IF(-LN(INDEX(consMat,$S63,AA$62))*LN(INDEX(consMat,$S63,5)*INDEX(consMat,5,AA$62))>0,1,0),0) +IF(AND($S63<>6,AA$62<>6,$B$5>5),IF(-LN(INDEX(consMat,$S63,AA$62))*LN(INDEX(consMat,$S63,6)*INDEX(consMat,6,AA$62))>0,1,0),0) +IF(AND($S63<>7,AA$62<>7,$B$5>6),IF(-LN(INDEX(consMat,$S63,AA$62))*LN(INDEX(consMat,$S63,7)*INDEX(consMat,7,AA$62))>0,1,0),0) +IF(AND($S63<>8,AA$62<>8,$B$5>7),IF(-LN(INDEX(consMat,$S63,AA$62))*LN(INDEX(consMat,$S63,8)*INDEX(consMat,8,AA$62))>0,1,0),0) +IF(AND($S63<>9,AA$62<>9,$B$5>8),IF(-LN(INDEX(consMat,$S63,AA$62))*LN(INDEX(consMat,$S63,9)*INDEX(consMat,9,AA$62))>0,1,0),0) +IF(AND($S63<>10,AA$62<>10,$B$5>9),IF(-LN(INDEX(consMat,$S63,AA$62))*LN(INDEX(consMat,$S63,10)*INDEX(consMat,10,AA$62))>0,1,0))) ) -> 0 | AB63: =IF(OR($S63>$B$5,AB$62>$B$5),0, 1/($B$5-2)*( IF(AND($S63<>1,AB$62<>1, $B$5>0),IF(-LN(INDEX(consMat,$S63,AB$62))*LN(INDEX(consMat,$S63,1)*INDEX(consMat,1,AB$62))>0,1,0),0) +IF(AND($S63<>2,AB$62<>2,$B$5>1),IF(-LN(INDEX(consMat,$S63,AB$62))*LN(INDEX(consMat,$S63,2)*INDEX(consMat,2,AB$62))>0,1,0),0) +IF(AND($S63<>3,AB$62<>3,$B$5>2),IF(-LN(INDEX(consMat,$S63,AB$62))*LN(INDEX(consMat,$S63,3)*INDEX(consMat,3,AB$62))>0,1,0),0) +IF(AND($S63<>4,AB$62<>4,$B$5>3),IF(-LN(INDEX(consMat,$S63,AB$62))*LN(INDEX(consMat,$S63,4)*INDEX(consMat,4,AB$62))>0,1,0),0) +IF(AND($S63<>5,AB$62<>5,$B$5>4),IF(-LN(INDEX(consMat,$S63,AB$62))*LN(INDEX(consMat,$S63,5)*INDEX(consMat,5,AB$62))>0,1,0),0) +IF(AND($S63<>6,AB$62<>6,$B$5>5),IF(-LN(INDEX(consMat,$S63,AB$62))*LN(INDEX(consMat,$S63,6)*INDEX(consMat,6,AB$62))>0,1,0),0) +IF(AND($S63<>7,AB$62<>7,$B$5>6),IF(-LN(INDEX(consMat,$S63,AB$62))*LN(INDEX(consMat,$S63,7)*INDEX(consMat,7,AB$62))>0,1,0),0) +IF(AND($S63<>8,AB$62<>8,$B$5>7),IF(-LN(INDEX(consMat,$S63,AB$62))*LN(INDEX(consMat,$S63,8)*INDEX(consMat,8,AB$62))>0,1,0),0) +IF(AND($S63<>9,AB$62<>9,$B$5>8),IF(-LN(INDEX(consMat,$S63,AB$62))*LN(INDEX(consMat,$S63,9)*INDEX(consMat,9,AB$62))>0,1,0),0) +IF(AND($S63<>10,AB$62<>10,$B$5>9),IF(-LN(INDEX(consMat,$S63,AB$62))*LN(INDEX(consMat,$S63,10)*INDEX(consMat,10,AB$62))>0,1,0))) ) -> 0 | AC63: =IF(OR($S63>$B$5,AC$62>$B$5),0, 1/($B$5-2)*( IF(AND($S63<>1,AC$62<>1, $B$5>0),IF(-LN(INDEX(consMat,$S63,AC$62))*LN(INDEX(consMat,$S63,1)*INDEX(consMat,1,AC$62))>0,1,0),0) +IF(AND($S63<>2,AC$62<>2,$B$5>1),IF(-LN(INDEX(consMat,$S63,AC$62))*LN(INDEX(consMat,$S63,2)*INDEX(consMat,2,AC$62))>0,1,0),0) +IF(AND($S63<>3,AC$62<>3,$B$5>2),IF(-LN(INDEX(consMat,$S63,AC$62))*LN(INDEX(consMat,$S63,3)*INDEX(consMat,3,AC$62))>0,1,0),0) +IF(AND($S63<>4,AC$62<>4,$B$5>3),IF(-LN(INDEX(consMat,$S63,AC$62))*LN(INDEX(consMat,$S63,4)*INDEX(consMat,4,AC$62))>0,1,0),0) +IF(AND($S63<>5,AC$62<>5,$B$5>4),IF(-LN(INDEX(consMat,$S63,AC$62))*LN(INDEX(consMat,$S63,5)*INDEX(consMat,5,AC$62))>0,1,0),0) +IF(AND($S63<>6,AC$62<>6,$B$5>5),IF(-LN(INDEX(consMat,$S63,AC$62))*LN(INDEX(consMat,$S63,6)*INDEX(consMat,6,AC$62))>0,1,0),0) +IF(AND($S63<>7,AC$62<>7,$B$5>6),IF(-LN(INDEX(consMat,$S63,AC$62))*LN(INDEX(consMat,$S63,7)*INDEX(consMat,7,AC$62))>0,1,0),0) +IF(AND($S63<>8,AC$62<>8,$B$5>7),IF(-LN(INDEX(consMat,$S63,AC$62))*LN(INDEX(consMat,$S63,8)*INDEX(consMat,8,AC$62))>0,1,0),0) +IF(AND($S63<>9,AC$62<>9,$B$5>8),IF(-LN(INDEX(consMat,$S63,AC$62))*LN(INDEX(consMat,$S63,9)*INDEX(consMat,9,AC$62))>0,1,0),0) +IF(AND($S63<>10,AC$62<>10,$B$5>9),IF(-LN(INDEX(consMat,$S63,AC$62))*LN(INDEX(consMat,$S63,10)*INDEX(consMat,10,AC$62))>0,1,0))) ) -> 0
A64: RGGM | B64: 1 | C64: {=IF(B64<=$B$7,TRANSPOSE(RGGM1),)} -> 0.42857143 | D64: 0.14285714 | E64: 0.42857143 | F64: 0 | G64: 0 | H64: 0 | I64: 0 | J64: 0 | K64: 0 | L64: 0 | S64: 2 | V64: =IF(OR($S64>$B$5,V$62>$B$5),0, 1/($B$5-2)*( IF(AND($S64<>1,V$62<>1, $B$5>0),IF(-LN(INDEX(consMat,$S64,V$62))*LN(INDEX(consMat,$S64,1)*INDEX(consMat,1,V$62))>0,1,0),0) +IF(AND($S64<>2,V$62<>2,$B$5>1),IF(-LN(INDEX(consMat,$S64,V$62))*LN(INDEX(consMat,$S64,2)*INDEX(consMat,2,V$62))>0,1,0),0) +IF(AND($S64<>3,V$62<>3,$B$5>2),IF(-LN(INDEX(consMat,$S64,V$62))*LN(INDEX(consMat,$S64,3)*INDEX(consMat,3,V$62))>0,1,0),0) +IF(AND($S64<>4,V$62<>4,$B$5>3),IF(-LN(INDEX(consMat,$S64,V$62))*LN(INDEX(consMat,$S64,4)*INDEX(consMat,4,V$62))>0,1,0),0) +IF(AND($S64<>5,V$62<>5,$B$5>4),IF(-LN(INDEX(consMat,$S64,V$62))*LN(INDEX(consMat,$S64,5)*INDEX(consMat,5,V$62))>0,1,0),0) +IF(AND($S64<>6,V$62<>6,$B$5>5),IF(-LN(INDEX(consMat,$S64,V$62))*LN(INDEX(consMat,$S64,6)*INDEX(consMat,6,V$62))>0,1,0),0) +IF(AND($S64<>7,V$62<>7,$B$5>6),IF(-LN(INDEX(consMat,$S64,V$62))*LN(INDEX(consMat,$S64,7)*INDEX(consMat,7,V$62))>0,1,0),0) +IF(AND($S64<>8,V$62<>8,$B$5>7),IF(-LN(INDEX(consMat,$S64,V$62))*LN(INDEX(consMat,$S64,8)*INDEX(consMat,8,V$62))>0,1,0),0) +IF(AND($S64<>9,V$62<>9,$B$5>8),IF(-LN(INDEX(consMat,$S64,V$62))*LN(INDEX(consMat,$S64,9)*INDEX(consMat,9,V$62))>0,1,0),0) +IF(AND($S64<>10,V$62<>10,$B$5>9),IF(-LN(INDEX(consMat,$S64,V$62))*LN(INDEX(consMat,$S64,10)*INDEX(consMat,10,V$62))>0,1,0))) ) -> 0 | W64: =IF(OR($S64>$B$5,W$62>$B$5),0, 1/($B$5-2)*( IF(AND($S64<>1,W$62<>1, $B$5>0),IF(-LN(INDEX(consMat,$S64,W$62))*LN(INDEX(consMat,$S64,1)*INDEX(consMat,1,W$62))>0,1,0),0) +IF(AND($S64<>2,W$62<>2,$B$5>1),IF(-LN(INDEX(consMat,$S64,W$62))*LN(INDEX(consMat,$S64,2)*INDEX(consMat,2,W$62))>0,1,0),0) +IF(AND($S64<>3,W$62<>3,$B$5>2),IF(-LN(INDEX(consMat,$S64,W$62))*LN(INDEX(consMat,$S64,3)*INDEX(consMat,3,W$62))>0,1,0),0) +IF(AND($S64<>4,W$62<>4,$B$5>3),IF(-LN(INDEX(consMat,$S64,W$62))*LN(INDEX(consMat,$S64,4)*INDEX(consMat,4,W$62))>0,1,0),0) +IF(AND($S64<>5,W$62<>5,$B$5>4),IF(-LN(INDEX(consMat,$S64,W$62))*LN(INDEX(consMat,$S64,5)*INDEX(consMat,5,W$62))>0,1,0),0) +IF(AND($S64<>6,W$62<>6,$B$5>5),IF(-LN(INDEX(consMat,$S64,W$62))*LN(INDEX(consMat,$S64,6)*INDEX(consMat,6,W$62))>0,1,0),0) +IF(AND($S64<>7,W$62<>7,$B$5>6),IF(-LN(INDEX(consMat,$S64,W$62))*LN(INDEX(consMat,$S64,7)*INDEX(consMat,7,W$62))>0,1,0),0) +IF(AND($S64<>8,W$62<>8,$B$5>7),IF(-LN(INDEX(consMat,$S64,W$62))*LN(INDEX(consMat,$S64,8)*INDEX(consMat,8,W$62))>0,1,0),0) +IF(AND($S64<>9,W$62<>9,$B$5>8),IF(-LN(INDEX(consMat,$S64,W$62))*LN(INDEX(consMat,$S64,9)*INDEX(consMat,9,W$62))>0,1,0),0) +IF(AND($S64<>10,W$62<>10,$B$5>9),IF(-LN(INDEX(consMat,$S64,W$62))*LN(INDEX(consMat,$S64,10)*INDEX(consMat,10,W$62))>0,1,0))) ) -> 0 | X64: =IF(OR($S64>$B$5,X$62>$B$5),0, 1/($B$5-2)*( IF(AND($S64<>1,X$62<>1, $B$5>0),IF(-LN(INDEX(consMat,$S64,X$62))*LN(INDEX(consMat,$S64,1)*INDEX(consMat,1,X$62))>0,1,0),0) +IF(AND($S64<>2,X$62<>2,$B$5>1),IF(-LN(INDEX(consMat,$S64,X$62))*LN(INDEX(consMat,$S64,2)*INDEX(consMat,2,X$62))>0,1,0),0) +IF(AND($S64<>3,X$62<>3,$B$5>2),IF(-LN(INDEX(consMat,$S64,X$62))*LN(INDEX(consMat,$S64,3)*INDEX(consMat,3,X$62))>0,1,0),0) +IF(AND($S64<>4,X$62<>4,$B$5>3),IF(-LN(INDEX(consMat,$S64,X$62))*LN(INDEX(consMat,$S64,4)*INDEX(consMat,4,X$62))>0,1,0),0) +IF(AND($S64<>5,X$62<>5,$B$5>4),IF(-LN(INDEX(consMat,$S64,X$62))*LN(INDEX(consMat,$S64,5)*INDEX(consMat,5,X$62))>0,1,0),0) +IF(AND($S64<>6,X$62<>6,$B$5>5),IF(-LN(INDEX(consMat,$S64,X$62))*LN(INDEX(consMat,$S64,6)*INDEX(consMat,6,X$62))>0,1,0),0) +IF(AND($S64<>7,X$62<>7,$B$5>6),IF(-LN(INDEX(consMat,$S64,X$62))*LN(INDEX(consMat,$S64,7)*INDEX(consMat,7,X$62))>0,1,0),0) +IF(AND($S64<>8,X$62<>8,$B$5>7),IF(-LN(INDEX(consMat,$S64,X$62))*LN(INDEX(consMat,$S64,8)*INDEX(consMat,8,X$62))>0,1,0),0) +IF(AND($S64<>9,X$62<>9,$B$5>8),IF(-LN(INDEX(consMat,$S64,X$62))*LN(INDEX(consMat,$S64,9)*INDEX(consMat,9,X$62))>0,1,0),0) +IF(AND($S64<>10,X$62<>10,$B$5>9),IF(-LN(INDEX(consMat,$S64,X$62))*LN(INDEX(consMat,$S64,10)*INDEX(consMat,10,X$62))>0,1,0))) ) -> 0 | Y64: =IF(OR($S64>$B$5,Y$62>$B$5),0, 1/($B$5-2)*( IF(AND($S64<>1,Y$62<>1, $B$5>0),IF(-LN(INDEX(consMat,$S64,Y$62))*LN(INDEX(consMat,$S64,1)*INDEX(consMat,1,Y$62))>0,1,0),0) +IF(AND($S64<>2,Y$62<>2,$B$5>1),IF(-LN(INDEX(consMat,$S64,Y$62))*LN(INDEX(consMat,$S64,2)*INDEX(consMat,2,Y$62))>0,1,0),0) +IF(AND($S64<>3,Y$62<>3,$B$5>2),IF(-LN(INDEX(consMat,$S64,Y$62))*LN(INDEX(consMat,$S64,3)*INDEX(consMat,3,Y$62))>0,1,0),0) +IF(AND($S64<>4,Y$62<>4,$B$5>3),IF(-LN(INDEX(consMat,$S64,Y$62))*LN(INDEX(consMat,$S64,4)*INDEX(consMat,4,Y$62))>0,1,0),0) +IF(AND($S64<>5,Y$62<>5,$B$5>4),IF(-LN(INDEX(consMat,$S64,Y$62))*LN(INDEX(consMat,$S64,5)*INDEX(consMat,5,Y$62))>0,1,0),0) +IF(AND($S64<>6,Y$62<>6,$B$5>5),IF(-LN(INDEX(consMat,$S64,Y$62))*LN(INDEX(consMat,$S64,6)*INDEX(consMat,6,Y$62))>0,1,0),0) +IF(AND($S64<>7,Y$62<>7,$B$5>6),IF(-LN(INDEX(consMat,$S64,Y$62))*LN(INDEX(consMat,$S64,7)*INDEX(consMat,7,Y$62))>0,1,0),0) +IF(AND($S64<>8,Y$62<>8,$B$5>7),IF(-LN(INDEX(consMat,$S64,Y$62))*LN(INDEX(consMat,$S64,8)*INDEX(consMat,8,Y$62))>0,1,0),0) +IF(AND($S64<>9,Y$62<>9,$B$5>8),IF(-LN(INDEX(consMat,$S64,Y$62))*LN(INDEX(consMat,$S64,9)*INDEX(consMat,9,Y$62))>0,1,0),0) +IF(AND($S64<>10,Y$62<>10,$B$5>9),IF(-LN(INDEX(consMat,$S64,Y$62))*LN(INDEX(consMat,$S64,10)*INDEX(consMat,10,Y$62))>0,1,0))) ) -> 0 | Z64: =IF(OR($S64>$B$5,Z$62>$B$5),0, 1/($B$5-2)*( IF(AND($S64<>1,Z$62<>1, $B$5>0),IF(-LN(INDEX(consMat,$S64,Z$62))*LN(INDEX(consMat,$S64,1)*INDEX(consMat,1,Z$62))>0,1,0),0) +IF(AND($S64<>2,Z$62<>2,$B$5>1),IF(-LN(INDEX(consMat,$S64,Z$62))*LN(INDEX(consMat,$S64,2)*INDEX(consMat,2,Z$62))>0,1,0),0) +IF(AND($S64<>3,Z$62<>3,$B$5>2),IF(-LN(INDEX(consMat,$S64,Z$62))*LN(INDEX(consMat,$S64,3)*INDEX(consMat,3,Z$62))>0,1,0),0) +IF(AND($S64<>4,Z$62<>4,$B$5>3),IF(-LN(INDEX(consMat,$S64,Z$62))*LN(INDEX(consMat,$S64,4)*INDEX(consMat,4,Z$62))>0,1,0),0) +IF(AND($S64<>5,Z$62<>5,$B$5>4),IF(-LN(INDEX(consMat,$S64,Z$62))*LN(INDEX(consMat,$S64,5)*INDEX(consMat,5,Z$62))>0,1,0),0) +IF(AND($S64<>6,Z$62<>6,$B$5>5),IF(-LN(INDEX(consMat,$S64,Z$62))*LN(INDEX(consMat,$S64,6)*INDEX(consMat,6,Z$62))>0,1,0),0) +IF(AND($S64<>7,Z$62<>7,$B$5>6),IF(-LN(INDEX(consMat,$S64,Z$62))*LN(INDEX(consMat,$S64,7)*INDEX(consMat,7,Z$62))>0,1,0),0) +IF(AND($S64<>8,Z$62<>8,$B$5>7),IF(-LN(INDEX(consMat,$S64,Z$62))*LN(INDEX(consMat,$S64,8)*INDEX(consMat,8,Z$62))>0,1,0),0) +IF(AND($S64<>9,Z$62<>9,$B$5>8),IF(-LN(INDEX(consMat,$S64,Z$62))*LN(INDEX(consMat,$S64,9)*INDEX(consMat,9,Z$62))>0,1,0),0) +IF(AND($S64<>10,Z$62<>10,$B$5>9),IF(-LN(INDEX(consMat,$S64,Z$62))*LN(INDEX(consMat,$S64,10)*INDEX(consMat,10,Z$62))>0,1,0))) ) -> 0 | AA64: =IF(OR($S64>$B$5,AA$62>$B$5),0, 1/($B$5-2)*( IF(AND($S64<>1,AA$62<>1, $B$5>0),IF(-LN(INDEX(consMat,$S64,AA$62))*LN(INDEX(consMat,$S64,1)*INDEX(consMat,1,AA$62))>0,1,0),0) +IF(AND($S64<>2,AA$62<>2,$B$5>1),IF(-LN(INDEX(consMat,$S64,AA$62))*LN(INDEX(consMat,$S64,2)*INDEX(consMat,2,AA$62))>0,1,0),0) +IF(AND($S64<>3,AA$62<>3,$B$5>2),IF(-LN(INDEX(consMat,$S64,AA$62))*LN(INDEX(consMat,$S64,3)*INDEX(consMat,3,AA$62))>0,1,0),0) +IF(AND($S64<>4,AA$62<>4,$B$5>3),IF(-LN(INDEX(consMat,$S64,AA$62))*LN(INDEX(consMat,$S64,4)*INDEX(consMat,4,AA$62))>0,1,0),0) +IF(AND($S64<>5,AA$62<>5,$B$5>4),IF(-LN(INDEX(consMat,$S64,AA$62))*LN(INDEX(consMat,$S64,5)*INDEX(consMat,5,AA$62))>0,1,0),0) +IF(AND($S64<>6,AA$62<>6,$B$5>5),IF(-LN(INDEX(consMat,$S64,AA$62))*LN(INDEX(consMat,$S64,6)*INDEX(consMat,6,AA$62))>0,1,0),0) +IF(AND($S64<>7,AA$62<>7,$B$5>6),IF(-LN(INDEX(consMat,$S64,AA$62))*LN(INDEX(consMat,$S64,7)*INDEX(consMat,7,AA$62))>0,1,0),0) +IF(AND($S64<>8,AA$62<>8,$B$5>7),IF(-LN(INDEX(consMat,$S64,AA$62))*LN(INDEX(consMat,$S64,8)*INDEX(consMat,8,AA$62))>0,1,0),0) +IF(AND($S64<>9,AA$62<>9,$B$5>8),IF(-LN(INDEX(consMat,$S64,AA$62))*LN(INDEX(consMat,$S64,9)*INDEX(consMat,9,AA$62))>0,1,0),0) +IF(AND($S64<>10,AA$62<>10,$B$5>9),IF(-LN(INDEX(consMat,$S64,AA$62))*LN(INDEX(consMat,$S64,10)*INDEX(consMat,10,AA$62))>0,1,0))) ) -> 0 | AB64: =IF(OR($S64>$B$5,AB$62>$B$5),0, 1/($B$5-2)*( IF(AND($S64<>1,AB$62<>1, $B$5>0),IF(-LN(INDEX(consMat,$S64,AB$62))*LN(INDEX(consMat,$S64,1)*INDEX(consMat,1,AB$62))>0,1,0),0) +IF(AND($S64<>2,AB$62<>2,$B$5>1),IF(-LN(INDEX(consMat,$S64,AB$62))*LN(INDEX(consMat,$S64,2)*INDEX(consMat,2,AB$62))>0,1,0),0) +IF(AND($S64<>3,AB$62<>3,$B$5>2),IF(-LN(INDEX(consMat,$S64,AB$62))*LN(INDEX(consMat,$S64,3)*INDEX(consMat,3,AB$62))>0,1,0),0) +IF(AND($S64<>4,AB$62<>4,$B$5>3),IF(-LN(INDEX(consMat,$S64,AB$62))*LN(INDEX(consMat,$S64,4)*INDEX(consMat,4,AB$62))>0,1,0),0) +IF(AND($S64<>5,AB$62<>5,$B$5>4),IF(-LN(INDEX(consMat,$S64,AB$62))*LN(INDEX(consMat,$S64,5)*INDEX(consMat,5,AB$62))>0,1,0),0) +IF(AND($S64<>6,AB$62<>6,$B$5>5),IF(-LN(INDEX(consMat,$S64,AB$62))*LN(INDEX(consMat,$S64,6)*INDEX(consMat,6,AB$62))>0,1,0),0) +IF(AND($S64<>7,AB$62<>7,$B$5>6),IF(-LN(INDEX(consMat,$S64,AB$62))*LN(INDEX(consMat,$S64,7)*INDEX(consMat,7,AB$62))>0,1,0),0) +IF(AND($S64<>8,AB$62<>8,$B$5>7),IF(-LN(INDEX(consMat,$S64,AB$62))*LN(INDEX(consMat,$S64,8)*INDEX(consMat,8,AB$62))>0,1,0),0) +IF(AND($S64<>9,AB$62<>9,$B$5>8),IF(-LN(INDEX(consMat,$S64,AB$62))*LN(INDEX(consMat,$S64,9)*INDEX(consMat,9,AB$62))>0,1,0),0) +IF(AND($S64<>10,AB$62<>10,$B$5>9),IF(-LN(INDEX(consMat,$S64,AB$62))*LN(INDEX(consMat,$S64,10)*INDEX(consMat,10,AB$62))>0,1,0))) ) -> 0 | AC64: =IF(OR($S64>$B$5,AC$62>$B$5),0, 1/($B$5-2)*( IF(AND($S64<>1,AC$62<>1, $B$5>0),IF(-LN(INDEX(consMat,$S64,AC$62))*LN(INDEX(consMat,$S64,1)*INDEX(consMat,1,AC$62))>0,1,0),0) +IF(AND($S64<>2,AC$62<>2,$B$5>1),IF(-LN(INDEX(consMat,$S64,AC$62))*LN(INDEX(consMat,$S64,2)*INDEX(consMat,2,AC$62))>0,1,0),0) +IF(AND($S64<>3,AC$62<>3,$B$5>2),IF(-LN(INDEX(consMat,$S64,AC$62))*LN(INDEX(consMat,$S64,3)*INDEX(consMat,3,AC$62))>0,1,0),0) +IF(AND($S64<>4,AC$62<>4,$B$5>3),IF(-LN(INDEX(consMat,$S64,AC$62))*LN(INDEX(consMat,$S64,4)*INDEX(consMat,4,AC$62))>0,1,0),0) +IF(AND($S64<>5,AC$62<>5,$B$5>4),IF(-LN(INDEX(consMat,$S64,AC$62))*LN(INDEX(consMat,$S64,5)*INDEX(consMat,5,AC$62))>0,1,0),0) +IF(AND($S64<>6,AC$62<>6,$B$5>5),IF(-LN(INDEX(consMat,$S64,AC$62))*LN(INDEX(consMat,$S64,6)*INDEX(consMat,6,AC$62))>0,1,0),0) +IF(AND($S64<>7,AC$62<>7,$B$5>6),IF(-LN(INDEX(consMat,$S64,AC$62))*LN(INDEX(consMat,$S64,7)*INDEX(consMat,7,AC$62))>0,1,0),0) +IF(AND($S64<>8,AC$62<>8,$B$5>7),IF(-LN(INDEX(consMat,$S64,AC$62))*LN(INDEX(consMat,$S64,8)*INDEX(consMat,8,AC$62))>0,1,0),0) +IF(AND($S64<>9,AC$62<>9,$B$5>8),IF(-LN(INDEX(consMat,$S64,AC$62))*LN(INDEX(consMat,$S64,9)*INDEX(consMat,9,AC$62))>0,1,0),0) +IF(AND($S64<>10,AC$62<>10,$B$5>9),IF(-LN(INDEX(consMat,$S64,AC$62))*LN(INDEX(consMat,$S64,10)*INDEX(consMat,10,AC$62))>0,1,0))) ) -> 0
A65: results | B65: 2 | C65: =IF(B65<=$B$7,TRANSPOSE(RGGM2),) -> #VALUE! | D65: 0 | E65: 0 | F65: 0 | G65: 0 | H65: 0 | I65: 0 | J65: 0 | K65: 0 | L65: 0 | S65: 3 | W65: =IF(OR($S65>$B$5,W$62>$B$5),0, 1/($B$5-2)*( IF(AND($S65<>1,W$62<>1, $B$5>0),IF(-LN(INDEX(consMat,$S65,W$62))*LN(INDEX(consMat,$S65,1)*INDEX(consMat,1,W$62))>0,1,0),0) +IF(AND($S65<>2,W$62<>2,$B$5>1),IF(-LN(INDEX(consMat,$S65,W$62))*LN(INDEX(consMat,$S65,2)*INDEX(consMat,2,W$62))>0,1,0),0) +IF(AND($S65<>3,W$62<>3,$B$5>2),IF(-LN(INDEX(consMat,$S65,W$62))*LN(INDEX(consMat,$S65,3)*INDEX(consMat,3,W$62))>0,1,0),0) +IF(AND($S65<>4,W$62<>4,$B$5>3),IF(-LN(INDEX(consMat,$S65,W$62))*LN(INDEX(consMat,$S65,4)*INDEX(consMat,4,W$62))>0,1,0),0) +IF(AND($S65<>5,W$62<>5,$B$5>4),IF(-LN(INDEX(consMat,$S65,W$62))*LN(INDEX(consMat,$S65,5)*INDEX(consMat,5,W$62))>0,1,0),0) +IF(AND($S65<>6,W$62<>6,$B$5>5),IF(-LN(INDEX(consMat,$S65,W$62))*LN(INDEX(consMat,$S65,6)*INDEX(consMat,6,W$62))>0,1,0),0) +IF(AND($S65<>7,W$62<>7,$B$5>6),IF(-LN(INDEX(consMat,$S65,W$62))*LN(INDEX(consMat,$S65,7)*INDEX(consMat,7,W$62))>0,1,0),0) +IF(AND($S65<>8,W$62<>8,$B$5>7),IF(-LN(INDEX(consMat,$S65,W$62))*LN(INDEX(consMat,$S65,8)*INDEX(consMat,8,W$62))>0,1,0),0) +IF(AND($S65<>9,W$62<>9,$B$5>8),IF(-LN(INDEX(consMat,$S65,W$62))*LN(INDEX(consMat,$S65,9)*INDEX(consMat,9,W$62))>0,1,0),0) +IF(AND($S65<>10,W$62<>10,$B$5>9),IF(-LN(INDEX(consMat,$S65,W$62))*LN(INDEX(consMat,$S65,10)*INDEX(consMat,10,W$62))>0,1,0))) ) -> 0 | X65: =IF(OR($S65>$B$5,X$62>$B$5),0, 1/($B$5-2)*( IF(AND($S65<>1,X$62<>1, $B$5>0),IF(-LN(INDEX(consMat,$S65,X$62))*LN(INDEX(consMat,$S65,1)*INDEX(consMat,1,X$62))>0,1,0),0) +IF(AND($S65<>2,X$62<>2,$B$5>1),IF(-LN(INDEX(consMat,$S65,X$62))*LN(INDEX(consMat,$S65,2)*INDEX(consMat,2,X$62))>0,1,0),0) +IF(AND($S65<>3,X$62<>3,$B$5>2),IF(-LN(INDEX(consMat,$S65,X$62))*LN(INDEX(consMat,$S65,3)*INDEX(consMat,3,X$62))>0,1,0),0) +IF(AND($S65<>4,X$62<>4,$B$5>3),IF(-LN(INDEX(consMat,$S65,X$62))*LN(INDEX(consMat,$S65,4)*INDEX(consMat,4,X$62))>0,1,0),0) +IF(AND($S65<>5,X$62<>5,$B$5>4),IF(-LN(INDEX(consMat,$S65,X$62))*LN(INDEX(consMat,$S65,5)*INDEX(consMat,5,X$62))>0,1,0),0) +IF(AND($S65<>6,X$62<>6,$B$5>5),IF(-LN(INDEX(consMat,$S65,X$62))*LN(INDEX(consMat,$S65,6)*INDEX(consMat,6,X$62))>0,1,0),0) +IF(AND($S65<>7,X$62<>7,$B$5>6),IF(-LN(INDEX(consMat,$S65,X$62))*LN(INDEX(consMat,$S65,7)*INDEX(consMat,7,X$62))>0,1,0),0) +IF(AND($S65<>8,X$62<>8,$B$5>7),IF(-LN(INDEX(consMat,$S65,X$62))*LN(INDEX(consMat,$S65,8)*INDEX(consMat,8,X$62))>0,1,0),0) +IF(AND($S65<>9,X$62<>9,$B$5>8),IF(-LN(INDEX(consMat,$S65,X$62))*LN(INDEX(consMat,$S65,9)*INDEX(consMat,9,X$62))>0,1,0),0) +IF(AND($S65<>10,X$62<>10,$B$5>9),IF(-LN(INDEX(consMat,$S65,X$62))*LN(INDEX(consMat,$S65,10)*INDEX(consMat,10,X$62))>0,1,0))) ) -> 0 | Y65: =IF(OR($S65>$B$5,Y$62>$B$5),0, 1/($B$5-2)*( IF(AND($S65<>1,Y$62<>1, $B$5>0),IF(-LN(INDEX(consMat,$S65,Y$62))*LN(INDEX(consMat,$S65,1)*INDEX(consMat,1,Y$62))>0,1,0),0) +IF(AND($S65<>2,Y$62<>2,$B$5>1),IF(-LN(INDEX(consMat,$S65,Y$62))*LN(INDEX(consMat,$S65,2)*INDEX(consMat,2,Y$62))>0,1,0),0) +IF(AND($S65<>3,Y$62<>3,$B$5>2),IF(-LN(INDEX(consMat,$S65,Y$62))*LN(INDEX(consMat,$S65,3)*INDEX(consMat,3,Y$62))>0,1,0),0) +IF(AND($S65<>4,Y$62<>4,$B$5>3),IF(-LN(INDEX(consMat,$S65,Y$62))*LN(INDEX(consMat,$S65,4)*INDEX(consMat,4,Y$62))>0,1,0),0) +IF(AND($S65<>5,Y$62<>5,$B$5>4),IF(-LN(INDEX(consMat,$S65,Y$62))*LN(INDEX(consMat,$S65,5)*INDEX(consMat,5,Y$62))>0,1,0),0) +IF(AND($S65<>6,Y$62<>6,$B$5>5),IF(-LN(INDEX(consMat,$S65,Y$62))*LN(INDEX(consMat,$S65,6)*INDEX(consMat,6,Y$62))>0,1,0),0) +IF(AND($S65<>7,Y$62<>7,$B$5>6),IF(-LN(INDEX(consMat,$S65,Y$62))*LN(INDEX(consMat,$S65,7)*INDEX(consMat,7,Y$62))>0,1,0),0) +IF(AND($S65<>8,Y$62<>8,$B$5>7),IF(-LN(INDEX(consMat,$S65,Y$62))*LN(INDEX(consMat,$S65,8)*INDEX(consMat,8,Y$62))>0,1,0),0) +IF(AND($S65<>9,Y$62<>9,$B$5>8),IF(-LN(INDEX(consMat,$S65,Y$62))*LN(INDEX(consMat,$S65,9)*INDEX(consMat,9,Y$62))>0,1,0),0) +IF(AND($S65<>10,Y$62<>10,$B$5>9),IF(-LN(INDEX(consMat,$S65,Y$62))*LN(INDEX(consMat,$S65,10)*INDEX(consMat,10,Y$62))>0,1,0))) ) -> 0 | Z65: =IF(OR($S65>$B$5,Z$62>$B$5),0, 1/($B$5-2)*( IF(AND($S65<>1,Z$62<>1, $B$5>0),IF(-LN(INDEX(consMat,$S65,Z$62))*LN(INDEX(consMat,$S65,1)*INDEX(consMat,1,Z$62))>0,1,0),0) +IF(AND($S65<>2,Z$62<>2,$B$5>1),IF(-LN(INDEX(consMat,$S65,Z$62))*LN(INDEX(consMat,$S65,2)*INDEX(consMat,2,Z$62))>0,1,0),0) +IF(AND($S65<>3,Z$62<>3,$B$5>2),IF(-LN(INDEX(consMat,$S65,Z$62))*LN(INDEX(consMat,$S65,3)*INDEX(consMat,3,Z$62))>0,1,0),0) +IF(AND($S65<>4,Z$62<>4,$B$5>3),IF(-LN(INDEX(consMat,$S65,Z$62))*LN(INDEX(consMat,$S65,4)*INDEX(consMat,4,Z$62))>0,1,0),0) +IF(AND($S65<>5,Z$62<>5,$B$5>4),IF(-LN(INDEX(consMat,$S65,Z$62))*LN(INDEX(consMat,$S65,5)*INDEX(consMat,5,Z$62))>0,1,0),0) +IF(AND($S65<>6,Z$62<>6,$B$5>5),IF(-LN(INDEX(consMat,$S65,Z$62))*LN(INDEX(consMat,$S65,6)*INDEX(consMat,6,Z$62))>0,1,0),0) +IF(AND($S65<>7,Z$62<>7,$B$5>6),IF(-LN(INDEX(consMat,$S65,Z$62))*LN(INDEX(consMat,$S65,7)*INDEX(consMat,7,Z$62))>0,1,0),0) +IF(AND($S65<>8,Z$62<>8,$B$5>7),IF(-LN(INDEX(consMat,$S65,Z$62))*LN(INDEX(consMat,$S65,8)*INDEX(consMat,8,Z$62))>0,1,0),0) +IF(AND($S65<>9,Z$62<>9,$B$5>8),IF(-LN(INDEX(consMat,$S65,Z$62))*LN(INDEX(consMat,$S65,9)*INDEX(consMat,9,Z$62))>0,1,0),0) +IF(AND($S65<>10,Z$62<>10,$B$5>9),IF(-LN(INDEX(consMat,$S65,Z$62))*LN(INDEX(consMat,$S65,10)*INDEX(consMat,10,Z$62))>0,1,0))) ) -> 0 | AA65: =IF(OR($S65>$B$5,AA$62>$B$5),0, 1/($B$5-2)*( IF(AND($S65<>1,AA$62<>1, $B$5>0),IF(-LN(INDEX(consMat,$S65,AA$62))*LN(INDEX(consMat,$S65,1)*INDEX(consMat,1,AA$62))>0,1,0),0) +IF(AND($S65<>2,AA$62<>2,$B$5>1),IF(-LN(INDEX(consMat,$S65,AA$62))*LN(INDEX(consMat,$S65,2)*INDEX(consMat,2,AA$62))>0,1,0),0) +IF(AND($S65<>3,AA$62<>3,$B$5>2),IF(-LN(INDEX(consMat,$S65,AA$62))*LN(INDEX(consMat,$S65,3)*INDEX(consMat,3,AA$62))>0,1,0),0) +IF(AND($S65<>4,AA$62<>4,$B$5>3),IF(-LN(INDEX(consMat,$S65,AA$62))*LN(INDEX(consMat,$S65,4)*INDEX(consMat,4,AA$62))>0,1,0),0) +IF(AND($S65<>5,AA$62<>5,$B$5>4),IF(-LN(INDEX(consMat,$S65,AA$62))*LN(INDEX(consMat,$S65,5)*INDEX(consMat,5,AA$62))>0,1,0),0) +IF(AND($S65<>6,AA$62<>6,$B$5>5),IF(-LN(INDEX(consMat,$S65,AA$62))*LN(INDEX(consMat,$S65,6)*INDEX(consMat,6,AA$62))>0,1,0),0) +IF(AND($S65<>7,AA$62<>7,$B$5>6),IF(-LN(INDEX(consMat,$S65,AA$62))*LN(INDEX(consMat,$S65,7)*INDEX(consMat,7,AA$62))>0,1,0),0) +IF(AND($S65<>8,AA$62<>8,$B$5>7),IF(-LN(INDEX(consMat,$S65,AA$62))*LN(INDEX(consMat,$S65,8)*INDEX(consMat,8,AA$62))>0,1,0),0) +IF(AND($S65<>9,AA$62<>9,$B$5>8),IF(-LN(INDEX(consMat,$S65,AA$62))*LN(INDEX(consMat,$S65,9)*INDEX(consMat,9,AA$62))>0,1,0),0) +IF(AND($S65<>10,AA$62<>10,$B$5>9),IF(-LN(INDEX(consMat,$S65,AA$62))*LN(INDEX(consMat,$S65,10)*INDEX(consMat,10,AA$62))>0,1,0))) ) -> 0 | AB65: =IF(OR($S65>$B$5,AB$62>$B$5),0, 1/($B$5-2)*( IF(AND($S65<>1,AB$62<>1, $B$5>0),IF(-LN(INDEX(consMat,$S65,AB$62))*LN(INDEX(consMat,$S65,1)*INDEX(consMat,1,AB$62))>0,1,0),0) +IF(AND($S65<>2,AB$62<>2,$B$5>1),IF(-LN(INDEX(consMat,$S65,AB$62))*LN(INDEX(consMat,$S65,2)*INDEX(consMat,2,AB$62))>0,1,0),0) +IF(AND($S65<>3,AB$62<>3,$B$5>2),IF(-LN(INDEX(consMat,$S65,AB$62))*LN(INDEX(consMat,$S65,3)*INDEX(consMat,3,AB$62))>0,1,0),0) +IF(AND($S65<>4,AB$62<>4,$B$5>3),IF(-LN(INDEX(consMat,$S65,AB$62))*LN(INDEX(consMat,$S65,4)*INDEX(consMat,4,AB$62))>0,1,0),0) +IF(AND($S65<>5,AB$62<>5,$B$5>4),IF(-LN(INDEX(consMat,$S65,AB$62))*LN(INDEX(consMat,$S65,5)*INDEX(consMat,5,AB$62))>0,1,0),0) +IF(AND($S65<>6,AB$62<>6,$B$5>5),IF(-LN(INDEX(consMat,$S65,AB$62))*LN(INDEX(consMat,$S65,6)*INDEX(consMat,6,AB$62))>0,1,0),0) +IF(AND($S65<>7,AB$62<>7,$B$5>6),IF(-LN(INDEX(consMat,$S65,AB$62))*LN(INDEX(consMat,$S65,7)*INDEX(consMat,7,AB$62))>0,1,0),0) +IF(AND($S65<>8,AB$62<>8,$B$5>7),IF(-LN(INDEX(consMat,$S65,AB$62))*LN(INDEX(consMat,$S65,8)*INDEX(consMat,8,AB$62))>0,1,0),0) +IF(AND($S65<>9,AB$62<>9,$B$5>8),IF(-LN(INDEX(consMat,$S65,AB$62))*LN(INDEX(consMat,$S65,9)*INDEX(consMat,9,AB$62))>0,1,0),0) +IF(AND($S65<>10,AB$62<>10,$B$5>9),IF(-LN(INDEX(consMat,$S65,AB$62))*LN(INDEX(consMat,$S65,10)*INDEX(consMat,10,AB$62))>0,1,0))) ) -> 0 | AC65: =IF(OR($S65>$B$5,AC$62>$B$5),0, 1/($B$5-2)*( IF(AND($S65<>1,AC$62<>1, $B$5>0),IF(-LN(INDEX(consMat,$S65,AC$62))*LN(INDEX(consMat,$S65,1)*INDEX(consMat,1,AC$62))>0,1,0),0) +IF(AND($S65<>2,AC$62<>2,$B$5>1),IF(-LN(INDEX(consMat,$S65,AC$62))*LN(INDEX(consMat,$S65,2)*INDEX(consMat,2,AC$62))>0,1,0),0) +IF(AND($S65<>3,AC$62<>3,$B$5>2),IF(-LN(INDEX(consMat,$S65,AC$62))*LN(INDEX(consMat,$S65,3)*INDEX(consMat,3,AC$62))>0,1,0),0) +IF(AND($S65<>4,AC$62<>4,$B$5>3),IF(-LN(INDEX(consMat,$S65,AC$62))*LN(INDEX(consMat,$S65,4)*INDEX(consMat,4,AC$62))>0,1,0),0) +IF(AND($S65<>5,AC$62<>5,$B$5>4),IF(-LN(INDEX(consMat,$S65,AC$62))*LN(INDEX(consMat,$S65,5)*INDEX(consMat,5,AC$62))>0,1,0),0) +IF(AND($S65<>6,AC$62<>6,$B$5>5),IF(-LN(INDEX(consMat,$S65,AC$62))*LN(INDEX(consMat,$S65,6)*INDEX(consMat,6,AC$62))>0,1,0),0) +IF(AND($S65<>7,AC$62<>7,$B$5>6),IF(-LN(INDEX(consMat,$S65,AC$62))*LN(INDEX(consMat,$S65,7)*INDEX(consMat,7,AC$62))>0,1,0),0) +IF(AND($S65<>8,AC$62<>8,$B$5>7),IF(-LN(INDEX(consMat,$S65,AC$62))*LN(INDEX(consMat,$S65,8)*INDEX(consMat,8,AC$62))>0,1,0),0) +IF(AND($S65<>9,AC$62<>9,$B$5>8),IF(-LN(INDEX(consMat,$S65,AC$62))*LN(INDEX(consMat,$S65,9)*INDEX(consMat,9,AC$62))>0,1,0),0) +IF(AND($S65<>10,AC$62<>10,$B$5>9),IF(-LN(INDEX(consMat,$S65,AC$62))*LN(INDEX(consMat,$S65,10)*INDEX(consMat,10,AC$62))>0,1,0))) ) -> 0
B66: 3 | C66: =IF(B66<=$B$7,TRANSPOSE(RGGM3),) -> #VALUE! | D66: 0 | E66: 0 | F66: 0 | G66: 0 | H66: 0 | I66: 0 | J66: 0 | K66: 0 | L66: 0 | S66: 4 | X66: =IF(OR($S66>$B$5,X$62>$B$5),0, 1/($B$5-2)*( IF(AND($S66<>1,X$62<>1, $B$5>0),IF(-LN(INDEX(consMat,$S66,X$62))*LN(INDEX(consMat,$S66,1)*INDEX(consMat,1,X$62))>0,1,0),0) +IF(AND($S66<>2,X$62<>2,$B$5>1),IF(-LN(INDEX(consMat,$S66,X$62))*LN(INDEX(consMat,$S66,2)*INDEX(consMat,2,X$62))>0,1,0),0) +IF(AND($S66<>3,X$62<>3,$B$5>2),IF(-LN(INDEX(consMat,$S66,X$62))*LN(INDEX(consMat,$S66,3)*INDEX(consMat,3,X$62))>0,1,0),0) +IF(AND($S66<>4,X$62<>4,$B$5>3),IF(-LN(INDEX(consMat,$S66,X$62))*LN(INDEX(consMat,$S66,4)*INDEX(consMat,4,X$62))>0,1,0),0) +IF(AND($S66<>5,X$62<>5,$B$5>4),IF(-LN(INDEX(consMat,$S66,X$62))*LN(INDEX(consMat,$S66,5)*INDEX(consMat,5,X$62))>0,1,0),0) +IF(AND($S66<>6,X$62<>6,$B$5>5),IF(-LN(INDEX(consMat,$S66,X$62))*LN(INDEX(consMat,$S66,6)*INDEX(consMat,6,X$62))>0,1,0),0) +IF(AND($S66<>7,X$62<>7,$B$5>6),IF(-LN(INDEX(consMat,$S66,X$62))*LN(INDEX(consMat,$S66,7)*INDEX(consMat,7,X$62))>0,1,0),0) +IF(AND($S66<>8,X$62<>8,$B$5>7),IF(-LN(INDEX(consMat,$S66,X$62))*LN(INDEX(consMat,$S66,8)*INDEX(consMat,8,X$62))>0,1,0),0) +IF(AND($S66<>9,X$62<>9,$B$5>8),IF(-LN(INDEX(consMat,$S66,X$62))*LN(INDEX(consMat,$S66,9)*INDEX(consMat,9,X$62))>0,1,0),0) +IF(AND($S66<>10,X$62<>10,$B$5>9),IF(-LN(INDEX(consMat,$S66,X$62))*LN(INDEX(consMat,$S66,10)*INDEX(consMat,10,X$62))>0,1,0))) ) -> 0 | Y66: =IF(OR($S66>$B$5,Y$62>$B$5),0, 1/($B$5-2)*( IF(AND($S66<>1,Y$62<>1, $B$5>0),IF(-LN(INDEX(consMat,$S66,Y$62))*LN(INDEX(consMat,$S66,1)*INDEX(consMat,1,Y$62))>0,1,0),0) +IF(AND($S66<>2,Y$62<>2,$B$5>1),IF(-LN(INDEX(consMat,$S66,Y$62))*LN(INDEX(consMat,$S66,2)*INDEX(consMat,2,Y$62))>0,1,0),0) +IF(AND($S66<>3,Y$62<>3,$B$5>2),IF(-LN(INDEX(consMat,$S66,Y$62))*LN(INDEX(consMat,$S66,3)*INDEX(consMat,3,Y$62))>0,1,0),0) +IF(AND($S66<>4,Y$62<>4,$B$5>3),IF(-LN(INDEX(consMat,$S66,Y$62))*LN(INDEX(consMat,$S66,4)*INDEX(consMat,4,Y$62))>0,1,0),0) +IF(AND($S66<>5,Y$62<>5,$B$5>4),IF(-LN(INDEX(consMat,$S66,Y$62))*LN(INDEX(consMat,$S66,5)*INDEX(consMat,5,Y$62))>0,1,0),0) +IF(AND($S66<>6,Y$62<>6,$B$5>5),IF(-LN(INDEX(consMat,$S66,Y$62))*LN(INDEX(consMat,$S66,6)*INDEX(consMat,6,Y$62))>0,1,0),0) +IF(AND($S66<>7,Y$62<>7,$B$5>6),IF(-LN(INDEX(consMat,$S66,Y$62))*LN(INDEX(consMat,$S66,7)*INDEX(consMat,7,Y$62))>0,1,0),0) +IF(AND($S66<>8,Y$62<>8,$B$5>7),IF(-LN(INDEX(consMat,$S66,Y$62))*LN(INDEX(consMat,$S66,8)*INDEX(consMat,8,Y$62))>0,1,0),0) +IF(AND($S66<>9,Y$62<>9,$B$5>8),IF(-LN(INDEX(consMat,$S66,Y$62))*LN(INDEX(consMat,$S66,9)*INDEX(consMat,9,Y$62))>0,1,0),0) +IF(AND($S66<>10,Y$62<>10,$B$5>9),IF(-LN(INDEX(consMat,$S66,Y$62))*LN(INDEX(consMat,$S66,10)*INDEX(consMat,10,Y$62))>0,1,0))) ) -> 0 | Z66: =IF(OR($S66>$B$5,Z$62>$B$5),0, 1/($B$5-2)*( IF(AND($S66<>1,Z$62<>1, $B$5>0),IF(-LN(INDEX(consMat,$S66,Z$62))*LN(INDEX(consMat,$S66,1)*INDEX(consMat,1,Z$62))>0,1,0),0) +IF(AND($S66<>2,Z$62<>2,$B$5>1),IF(-LN(INDEX(consMat,$S66,Z$62))*LN(INDEX(consMat,$S66,2)*INDEX(consMat,2,Z$62))>0,1,0),0) +IF(AND($S66<>3,Z$62<>3,$B$5>2),IF(-LN(INDEX(consMat,$S66,Z$62))*LN(INDEX(consMat,$S66,3)*INDEX(consMat,3,Z$62))>0,1,0),0) +IF(AND($S66<>4,Z$62<>4,$B$5>3),IF(-LN(INDEX(consMat,$S66,Z$62))*LN(INDEX(consMat,$S66,4)*INDEX(consMat,4,Z$62))>0,1,0),0) +IF(AND($S66<>5,Z$62<>5,$B$5>4),IF(-LN(INDEX(consMat,$S66,Z$62))*LN(INDEX(consMat,$S66,5)*INDEX(consMat,5,Z$62))>0,1,0),0) +IF(AND($S66<>6,Z$62<>6,$B$5>5),IF(-LN(INDEX(consMat,$S66,Z$62))*LN(INDEX(consMat,$S66,6)*INDEX(consMat,6,Z$62))>0,1,0),0) +IF(AND($S66<>7,Z$62<>7,$B$5>6),IF(-LN(INDEX(consMat,$S66,Z$62))*LN(INDEX(consMat,$S66,7)*INDEX(consMat,7,Z$62))>0,1,0),0) +IF(AND($S66<>8,Z$62<>8,$B$5>7),IF(-LN(INDEX(consMat,$S66,Z$62))*LN(INDEX(consMat,$S66,8)*INDEX(consMat,8,Z$62))>0,1,0),0) +IF(AND($S66<>9,Z$62<>9,$B$5>8),IF(-LN(INDEX(consMat,$S66,Z$62))*LN(INDEX(consMat,$S66,9)*INDEX(consMat,9,Z$62))>0,1,0),0) +IF(AND($S66<>10,Z$62<>10,$B$5>9),IF(-LN(INDEX(consMat,$S66,Z$62))*LN(INDEX(consMat,$S66,10)*INDEX(consMat,10,Z$62))>0,1,0))) ) -> 0 | AA66: =IF(OR($S66>$B$5,AA$62>$B$5),0, 1/($B$5-2)*( IF(AND($S66<>1,AA$62<>1, $B$5>0),IF(-LN(INDEX(consMat,$S66,AA$62))*LN(INDEX(consMat,$S66,1)*INDEX(consMat,1,AA$62))>0,1,0),0) +IF(AND($S66<>2,AA$62<>2,$B$5>1),IF(-LN(INDEX(consMat,$S66,AA$62))*LN(INDEX(consMat,$S66,2)*INDEX(consMat,2,AA$62))>0,1,0),0) +IF(AND($S66<>3,AA$62<>3,$B$5>2),IF(-LN(INDEX(consMat,$S66,AA$62))*LN(INDEX(consMat,$S66,3)*INDEX(consMat,3,AA$62))>0,1,0),0) +IF(AND($S66<>4,AA$62<>4,$B$5>3),IF(-LN(INDEX(consMat,$S66,AA$62))*LN(INDEX(consMat,$S66,4)*INDEX(consMat,4,AA$62))>0,1,0),0) +IF(AND($S66<>5,AA$62<>5,$B$5>4),IF(-LN(INDEX(consMat,$S66,AA$62))*LN(INDEX(consMat,$S66,5)*INDEX(consMat,5,AA$62))>0,1,0),0) +IF(AND($S66<>6,AA$62<>6,$B$5>5),IF(-LN(INDEX(consMat,$S66,AA$62))*LN(INDEX(consMat,$S66,6)*INDEX(consMat,6,AA$62))>0,1,0),0) +IF(AND($S66<>7,AA$62<>7,$B$5>6),IF(-LN(INDEX(consMat,$S66,AA$62))*LN(INDEX(consMat,$S66,7)*INDEX(consMat,7,AA$62))>0,1,0),0) +IF(AND($S66<>8,AA$62<>8,$B$5>7),IF(-LN(INDEX(consMat,$S66,AA$62))*LN(INDEX(consMat,$S66,8)*INDEX(consMat,8,AA$62))>0,1,0),0) +IF(AND($S66<>9,AA$62<>9,$B$5>8),IF(-LN(INDEX(consMat,$S66,AA$62))*LN(INDEX(consMat,$S66,9)*INDEX(consMat,9,AA$62))>0,1,0),0) +IF(AND($S66<>10,AA$62<>10,$B$5>9),IF(-LN(INDEX(consMat,$S66,AA$62))*LN(INDEX(consMat,$S66,10)*INDEX(consMat,10,AA$62))>0,1,0))) ) -> 0 | AB66: =IF(OR($S66>$B$5,AB$62>$B$5),0, 1/($B$5-2)*( IF(AND($S66<>1,AB$62<>1, $B$5>0),IF(-LN(INDEX(consMat,$S66,AB$62))*LN(INDEX(consMat,$S66,1)*INDEX(consMat,1,AB$62))>0,1,0),0) +IF(AND($S66<>2,AB$62<>2,$B$5>1),IF(-LN(INDEX(consMat,$S66,AB$62))*LN(INDEX(consMat,$S66,2)*INDEX(consMat,2,AB$62))>0,1,0),0) +IF(AND($S66<>3,AB$62<>3,$B$5>2),IF(-LN(INDEX(consMat,$S66,AB$62))*LN(INDEX(consMat,$S66,3)*INDEX(consMat,3,AB$62))>0,1,0),0) +IF(AND($S66<>4,AB$62<>4,$B$5>3),IF(-LN(INDEX(consMat,$S66,AB$62))*LN(INDEX(consMat,$S66,4)*INDEX(consMat,4,AB$62))>0,1,0),0) +IF(AND($S66<>5,AB$62<>5,$B$5>4),IF(-LN(INDEX(consMat,$S66,AB$62))*LN(INDEX(consMat,$S66,5)*INDEX(consMat,5,AB$62))>0,1,0),0) +IF(AND($S66<>6,AB$62<>6,$B$5>5),IF(-LN(INDEX(consMat,$S66,AB$62))*LN(INDEX(consMat,$S66,6)*INDEX(consMat,6,AB$62))>0,1,0),0) +IF(AND($S66<>7,AB$62<>7,$B$5>6),IF(-LN(INDEX(consMat,$S66,AB$62))*LN(INDEX(consMat,$S66,7)*INDEX(consMat,7,AB$62))>0,1,0),0) +IF(AND($S66<>8,AB$62<>8,$B$5>7),IF(-LN(INDEX(consMat,$S66,AB$62))*LN(INDEX(consMat,$S66,8)*INDEX(consMat,8,AB$62))>0,1,0),0) +IF(AND($S66<>9,AB$62<>9,$B$5>8),IF(-LN(INDEX(consMat,$S66,AB$62))*LN(INDEX(consMat,$S66,9)*INDEX(consMat,9,AB$62))>0,1,0),0) +IF(AND($S66<>10,AB$62<>10,$B$5>9),IF(-LN(INDEX(consMat,$S66,AB$62))*LN(INDEX(consMat,$S66,10)*INDEX(consMat,10,AB$62))>0,1,0))) ) -> 0 | AC66: =IF(OR($S66>$B$5,AC$62>$B$5),0, 1/($B$5-2)*( IF(AND($S66<>1,AC$62<>1, $B$5>0),IF(-LN(INDEX(consMat,$S66,AC$62))*LN(INDEX(consMat,$S66,1)*INDEX(consMat,1,AC$62))>0,1,0),0) +IF(AND($S66<>2,AC$62<>2,$B$5>1),IF(-LN(INDEX(consMat,$S66,AC$62))*LN(INDEX(consMat,$S66,2)*INDEX(consMat,2,AC$62))>0,1,0),0) +IF(AND($S66<>3,AC$62<>3,$B$5>2),IF(-LN(INDEX(consMat,$S66,AC$62))*LN(INDEX(consMat,$S66,3)*INDEX(consMat,3,AC$62))>0,1,0),0) +IF(AND($S66<>4,AC$62<>4,$B$5>3),IF(-LN(INDEX(consMat,$S66,AC$62))*LN(INDEX(consMat,$S66,4)*INDEX(consMat,4,AC$62))>0,1,0),0) +IF(AND($S66<>5,AC$62<>5,$B$5>4),IF(-LN(INDEX(consMat,$S66,AC$62))*LN(INDEX(consMat,$S66,5)*INDEX(consMat,5,AC$62))>0,1,0),0) +IF(AND($S66<>6,AC$62<>6,$B$5>5),IF(-LN(INDEX(consMat,$S66,AC$62))*LN(INDEX(consMat,$S66,6)*INDEX(consMat,6,AC$62))>0,1,0),0) +IF(AND($S66<>7,AC$62<>7,$B$5>6),IF(-LN(INDEX(consMat,$S66,AC$62))*LN(INDEX(consMat,$S66,7)*INDEX(consMat,7,AC$62))>0,1,0),0) +IF(AND($S66<>8,AC$62<>8,$B$5>7),IF(-LN(INDEX(consMat,$S66,AC$62))*LN(INDEX(consMat,$S66,8)*INDEX(consMat,8,AC$62))>0,1,0),0) +IF(AND($S66<>9,AC$62<>9,$B$5>8),IF(-LN(INDEX(consMat,$S66,AC$62))*LN(INDEX(consMat,$S66,9)*INDEX(consMat,9,AC$62))>0,1,0),0) +IF(AND($S66<>10,AC$62<>10,$B$5>9),IF(-LN(INDEX(consMat,$S66,AC$62))*LN(INDEX(consMat,$S66,10)*INDEX(consMat,10,AC$62))>0,1,0))) ) -> 0
B67: 4 | C67: =IF(B67<=$B$7,TRANSPOSE(RGGM4),) -> #VALUE! | D67: 0 | E67: 0 | F67: 0 | G67: 0 | H67: 0 | I67: 0 | J67: 0 | K67: 0 | L67: 0 | S67: 5 | Y67: =IF(OR($S67>$B$5,Y$62>$B$5),0, 1/($B$5-2)*( IF(AND($S67<>1,Y$62<>1, $B$5>0),IF(-LN(INDEX(consMat,$S67,Y$62))*LN(INDEX(consMat,$S67,1)*INDEX(consMat,1,Y$62))>0,1,0),0) +IF(AND($S67<>2,Y$62<>2,$B$5>1),IF(-LN(INDEX(consMat,$S67,Y$62))*LN(INDEX(consMat,$S67,2)*INDEX(consMat,2,Y$62))>0,1,0),0) +IF(AND($S67<>3,Y$62<>3,$B$5>2),IF(-LN(INDEX(consMat,$S67,Y$62))*LN(INDEX(consMat,$S67,3)*INDEX(consMat,3,Y$62))>0,1,0),0) +IF(AND($S67<>4,Y$62<>4,$B$5>3),IF(-LN(INDEX(consMat,$S67,Y$62))*LN(INDEX(consMat,$S67,4)*INDEX(consMat,4,Y$62))>0,1,0),0) +IF(AND($S67<>5,Y$62<>5,$B$5>4),IF(-LN(INDEX(consMat,$S67,Y$62))*LN(INDEX(consMat,$S67,5)*INDEX(consMat,5,Y$62))>0,1,0),0) +IF(AND($S67<>6,Y$62<>6,$B$5>5),IF(-LN(INDEX(consMat,$S67,Y$62))*LN(INDEX(consMat,$S67,6)*INDEX(consMat,6,Y$62))>0,1,0),0) +IF(AND($S67<>7,Y$62<>7,$B$5>6),IF(-LN(INDEX(consMat,$S67,Y$62))*LN(INDEX(consMat,$S67,7)*INDEX(consMat,7,Y$62))>0,1,0),0) +IF(AND($S67<>8,Y$62<>8,$B$5>7),IF(-LN(INDEX(consMat,$S67,Y$62))*LN(INDEX(consMat,$S67,8)*INDEX(consMat,8,Y$62))>0,1,0),0) +IF(AND($S67<>9,Y$62<>9,$B$5>8),IF(-LN(INDEX(consMat,$S67,Y$62))*LN(INDEX(consMat,$S67,9)*INDEX(consMat,9,Y$62))>0,1,0),0) +IF(AND($S67<>10,Y$62<>10,$B$5>9),IF(-LN(INDEX(consMat,$S67,Y$62))*LN(INDEX(consMat,$S67,10)*INDEX(consMat,10,Y$62))>0,1,0))) ) -> 0 | Z67: =IF(OR($S67>$B$5,Z$62>$B$5),0, 1/($B$5-2)*( IF(AND($S67<>1,Z$62<>1, $B$5>0),IF(-LN(INDEX(consMat,$S67,Z$62))*LN(INDEX(consMat,$S67,1)*INDEX(consMat,1,Z$62))>0,1,0),0) +IF(AND($S67<>2,Z$62<>2,$B$5>1),IF(-LN(INDEX(consMat,$S67,Z$62))*LN(INDEX(consMat,$S67,2)*INDEX(consMat,2,Z$62))>0,1,0),0) +IF(AND($S67<>3,Z$62<>3,$B$5>2),IF(-LN(INDEX(consMat,$S67,Z$62))*LN(INDEX(consMat,$S67,3)*INDEX(consMat,3,Z$62))>0,1,0),0) +IF(AND($S67<>4,Z$62<>4,$B$5>3),IF(-LN(INDEX(consMat,$S67,Z$62))*LN(INDEX(consMat,$S67,4)*INDEX(consMat,4,Z$62))>0,1,0),0) +IF(AND($S67<>5,Z$62<>5,$B$5>4),IF(-LN(INDEX(consMat,$S67,Z$62))*LN(INDEX(consMat,$S67,5)*INDEX(consMat,5,Z$62))>0,1,0),0) +IF(AND($S67<>6,Z$62<>6,$B$5>5),IF(-LN(INDEX(consMat,$S67,Z$62))*LN(INDEX(consMat,$S67,6)*INDEX(consMat,6,Z$62))>0,1,0),0) +IF(AND($S67<>7,Z$62<>7,$B$5>6),IF(-LN(INDEX(consMat,$S67,Z$62))*LN(INDEX(consMat,$S67,7)*INDEX(consMat,7,Z$62))>0,1,0),0) +IF(AND($S67<>8,Z$62<>8,$B$5>7),IF(-LN(INDEX(consMat,$S67,Z$62))*LN(INDEX(consMat,$S67,8)*INDEX(consMat,8,Z$62))>0,1,0),0) +IF(AND($S67<>9,Z$62<>9,$B$5>8),IF(-LN(INDEX(consMat,$S67,Z$62))*LN(INDEX(consMat,$S67,9)*INDEX(consMat,9,Z$62))>0,1,0),0) +IF(AND($S67<>10,Z$62<>10,$B$5>9),IF(-LN(INDEX(consMat,$S67,Z$62))*LN(INDEX(consMat,$S67,10)*INDEX(consMat,10,Z$62))>0,1,0))) ) -> 0 | AA67: =IF(OR($S67>$B$5,AA$62>$B$5),0, 1/($B$5-2)*( IF(AND($S67<>1,AA$62<>1, $B$5>0),IF(-LN(INDEX(consMat,$S67,AA$62))*LN(INDEX(consMat,$S67,1)*INDEX(consMat,1,AA$62))>0,1,0),0) +IF(AND($S67<>2,AA$62<>2,$B$5>1),IF(-LN(INDEX(consMat,$S67,AA$62))*LN(INDEX(consMat,$S67,2)*INDEX(consMat,2,AA$62))>0,1,0),0) +IF(AND($S67<>3,AA$62<>3,$B$5>2),IF(-LN(INDEX(consMat,$S67,AA$62))*LN(INDEX(consMat,$S67,3)*INDEX(consMat,3,AA$62))>0,1,0),0) +IF(AND($S67<>4,AA$62<>4,$B$5>3),IF(-LN(INDEX(consMat,$S67,AA$62))*LN(INDEX(consMat,$S67,4)*INDEX(consMat,4,AA$62))>0,1,0),0) +IF(AND($S67<>5,AA$62<>5,$B$5>4),IF(-LN(INDEX(consMat,$S67,AA$62))*LN(INDEX(consMat,$S67,5)*INDEX(consMat,5,AA$62))>0,1,0),0) +IF(AND($S67<>6,AA$62<>6,$B$5>5),IF(-LN(INDEX(consMat,$S67,AA$62))*LN(INDEX(consMat,$S67,6)*INDEX(consMat,6,AA$62))>0,1,0),0) +IF(AND($S67<>7,AA$62<>7,$B$5>6),IF(-LN(INDEX(consMat,$S67,AA$62))*LN(INDEX(consMat,$S67,7)*INDEX(consMat,7,AA$62))>0,1,0),0) +IF(AND($S67<>8,AA$62<>8,$B$5>7),IF(-LN(INDEX(consMat,$S67,AA$62))*LN(INDEX(consMat,$S67,8)*INDEX(consMat,8,AA$62))>0,1,0),0) +IF(AND($S67<>9,AA$62<>9,$B$5>8),IF(-LN(INDEX(consMat,$S67,AA$62))*LN(INDEX(consMat,$S67,9)*INDEX(consMat,9,AA$62))>0,1,0),0) +IF(AND($S67<>10,AA$62<>10,$B$5>9),IF(-LN(INDEX(consMat,$S67,AA$62))*LN(INDEX(consMat,$S67,10)*INDEX(consMat,10,AA$62))>0,1,0))) ) -> 0 | AB67: =IF(OR($S67>$B$5,AB$62>$B$5),0, 1/($B$5-2)*( IF(AND($S67<>1,AB$62<>1, $B$5>0),IF(-LN(INDEX(consMat,$S67,AB$62))*LN(INDEX(consMat,$S67,1)*INDEX(consMat,1,AB$62))>0,1,0),0) +IF(AND($S67<>2,AB$62<>2,$B$5>1),IF(-LN(INDEX(consMat,$S67,AB$62))*LN(INDEX(consMat,$S67,2)*INDEX(consMat,2,AB$62))>0,1,0),0) +IF(AND($S67<>3,AB$62<>3,$B$5>2),IF(-LN(INDEX(consMat,$S67,AB$62))*LN(INDEX(consMat,$S67,3)*INDEX(consMat,3,AB$62))>0,1,0),0) +IF(AND($S67<>4,AB$62<>4,$B$5>3),IF(-LN(INDEX(consMat,$S67,AB$62))*LN(INDEX(consMat,$S67,4)*INDEX(consMat,4,AB$62))>0,1,0),0) +IF(AND($S67<>5,AB$62<>5,$B$5>4),IF(-LN(INDEX(consMat,$S67,AB$62))*LN(INDEX(consMat,$S67,5)*INDEX(consMat,5,AB$62))>0,1,0),0) +IF(AND($S67<>6,AB$62<>6,$B$5>5),IF(-LN(INDEX(consMat,$S67,AB$62))*LN(INDEX(consMat,$S67,6)*INDEX(consMat,6,AB$62))>0,1,0),0) +IF(AND($S67<>7,AB$62<>7,$B$5>6),IF(-LN(INDEX(consMat,$S67,AB$62))*LN(INDEX(consMat,$S67,7)*INDEX(consMat,7,AB$62))>0,1,0),0) +IF(AND($S67<>8,AB$62<>8,$B$5>7),IF(-LN(INDEX(consMat,$S67,AB$62))*LN(INDEX(consMat,$S67,8)*INDEX(consMat,8,AB$62))>0,1,0),0) +IF(AND($S67<>9,AB$62<>9,$B$5>8),IF(-LN(INDEX(consMat,$S67,AB$62))*LN(INDEX(consMat,$S67,9)*INDEX(consMat,9,AB$62))>0,1,0),0) +IF(AND($S67<>10,AB$62<>10,$B$5>9),IF(-LN(INDEX(consMat,$S67,AB$62))*LN(INDEX(consMat,$S67,10)*INDEX(consMat,10,AB$62))>0,1,0))) ) -> 0 | AC67: =IF(OR($S67>$B$5,AC$62>$B$5),0, 1/($B$5-2)*( IF(AND($S67<>1,AC$62<>1, $B$5>0),IF(-LN(INDEX(consMat,$S67,AC$62))*LN(INDEX(consMat,$S67,1)*INDEX(consMat,1,AC$62))>0,1,0),0) +IF(AND($S67<>2,AC$62<>2,$B$5>1),IF(-LN(INDEX(consMat,$S67,AC$62))*LN(INDEX(consMat,$S67,2)*INDEX(consMat,2,AC$62))>0,1,0),0) +IF(AND($S67<>3,AC$62<>3,$B$5>2),IF(-LN(INDEX(consMat,$S67,AC$62))*LN(INDEX(consMat,$S67,3)*INDEX(consMat,3,AC$62))>0,1,0),0) +IF(AND($S67<>4,AC$62<>4,$B$5>3),IF(-LN(INDEX(consMat,$S67,AC$62))*LN(INDEX(consMat,$S67,4)*INDEX(consMat,4,AC$62))>0,1,0),0) +IF(AND($S67<>5,AC$62<>5,$B$5>4),IF(-LN(INDEX(consMat,$S67,AC$62))*LN(INDEX(consMat,$S67,5)*INDEX(consMat,5,AC$62))>0,1,0),0) +IF(AND($S67<>6,AC$62<>6,$B$5>5),IF(-LN(INDEX(consMat,$S67,AC$62))*LN(INDEX(consMat,$S67,6)*INDEX(consMat,6,AC$62))>0,1,0),0) +IF(AND($S67<>7,AC$62<>7,$B$5>6),IF(-LN(INDEX(consMat,$S67,AC$62))*LN(INDEX(consMat,$S67,7)*INDEX(consMat,7,AC$62))>0,1,0),0) +IF(AND($S67<>8,AC$62<>8,$B$5>7),IF(-LN(INDEX(consMat,$S67,AC$62))*LN(INDEX(consMat,$S67,8)*INDEX(consMat,8,AC$62))>0,1,0),0) +IF(AND($S67<>9,AC$62<>9,$B$5>8),IF(-LN(INDEX(consMat,$S67,AC$62))*LN(INDEX(consMat,$S67,9)*INDEX(consMat,9,AC$62))>0,1,0),0) +IF(AND($S67<>10,AC$62<>10,$B$5>9),IF(-LN(INDEX(consMat,$S67,AC$62))*LN(INDEX(consMat,$S67,10)*INDEX(consMat,10,AC$62))>0,1,0))) ) -> 0
B68: 5 | C68: =IF(B68<=$B$7,TRANSPOSE(RGGM5),) -> #VALUE! | D68: 0 | E68: 0 | F68: 0 | G68: 0 | H68: 0 | I68: 0 | J68: 0 | K68: 0 | L68: 0 | S68: 6 | Z68: =IF(OR($S68>$B$5,Z$62>$B$5),0, 1/($B$5-2)*( IF(AND($S68<>1,Z$62<>1, $B$5>0),IF(-LN(INDEX(consMat,$S68,Z$62))*LN(INDEX(consMat,$S68,1)*INDEX(consMat,1,Z$62))>0,1,0),0) +IF(AND($S68<>2,Z$62<>2,$B$5>1),IF(-LN(INDEX(consMat,$S68,Z$62))*LN(INDEX(consMat,$S68,2)*INDEX(consMat,2,Z$62))>0,1,0),0) +IF(AND($S68<>3,Z$62<>3,$B$5>2),IF(-LN(INDEX(consMat,$S68,Z$62))*LN(INDEX(consMat,$S68,3)*INDEX(consMat,3,Z$62))>0,1,0),0) +IF(AND($S68<>4,Z$62<>4,$B$5>3),IF(-LN(INDEX(consMat,$S68,Z$62))*LN(INDEX(consMat,$S68,4)*INDEX(consMat,4,Z$62))>0,1,0),0) +IF(AND($S68<>5,Z$62<>5,$B$5>4),IF(-LN(INDEX(consMat,$S68,Z$62))*LN(INDEX(consMat,$S68,5)*INDEX(consMat,5,Z$62))>0,1,0),0) +IF(AND($S68<>6,Z$62<>6,$B$5>5),IF(-LN(INDEX(consMat,$S68,Z$62))*LN(INDEX(consMat,$S68,6)*INDEX(consMat,6,Z$62))>0,1,0),0) +IF(AND($S68<>7,Z$62<>7,$B$5>6),IF(-LN(INDEX(consMat,$S68,Z$62))*LN(INDEX(consMat,$S68,7)*INDEX(consMat,7,Z$62))>0,1,0),0) +IF(AND($S68<>8,Z$62<>8,$B$5>7),IF(-LN(INDEX(consMat,$S68,Z$62))*LN(INDEX(consMat,$S68,8)*INDEX(consMat,8,Z$62))>0,1,0),0) +IF(AND($S68<>9,Z$62<>9,$B$5>8),IF(-LN(INDEX(consMat,$S68,Z$62))*LN(INDEX(consMat,$S68,9)*INDEX(consMat,9,Z$62))>0,1,0),0) +IF(AND($S68<>10,Z$62<>10,$B$5>9),IF(-LN(INDEX(consMat,$S68,Z$62))*LN(INDEX(consMat,$S68,10)*INDEX(consMat,10,Z$62))>0,1,0))) ) -> 0 | AA68: =IF(OR($S68>$B$5,AA$62>$B$5),0, 1/($B$5-2)*( IF(AND($S68<>1,AA$62<>1, $B$5>0),IF(-LN(INDEX(consMat,$S68,AA$62))*LN(INDEX(consMat,$S68,1)*INDEX(consMat,1,AA$62))>0,1,0),0) +IF(AND($S68<>2,AA$62<>2,$B$5>1),IF(-LN(INDEX(consMat,$S68,AA$62))*LN(INDEX(consMat,$S68,2)*INDEX(consMat,2,AA$62))>0,1,0),0) +IF(AND($S68<>3,AA$62<>3,$B$5>2),IF(-LN(INDEX(consMat,$S68,AA$62))*LN(INDEX(consMat,$S68,3)*INDEX(consMat,3,AA$62))>0,1,0),0) +IF(AND($S68<>4,AA$62<>4,$B$5>3),IF(-LN(INDEX(consMat,$S68,AA$62))*LN(INDEX(consMat,$S68,4)*INDEX(consMat,4,AA$62))>0,1,0),0) +IF(AND($S68<>5,AA$62<>5,$B$5>4),IF(-LN(INDEX(consMat,$S68,AA$62))*LN(INDEX(consMat,$S68,5)*INDEX(consMat,5,AA$62))>0,1,0),0) +IF(AND($S68<>6,AA$62<>6,$B$5>5),IF(-LN(INDEX(consMat,$S68,AA$62))*LN(INDEX(consMat,$S68,6)*INDEX(consMat,6,AA$62))>0,1,0),0) +IF(AND($S68<>7,AA$62<>7,$B$5>6),IF(-LN(INDEX(consMat,$S68,AA$62))*LN(INDEX(consMat,$S68,7)*INDEX(consMat,7,AA$62))>0,1,0),0) +IF(AND($S68<>8,AA$62<>8,$B$5>7),IF(-LN(INDEX(consMat,$S68,AA$62))*LN(INDEX(consMat,$S68,8)*INDEX(consMat,8,AA$62))>0,1,0),0) +IF(AND($S68<>9,AA$62<>9,$B$5>8),IF(-LN(INDEX(consMat,$S68,AA$62))*LN(INDEX(consMat,$S68,9)*INDEX(consMat,9,AA$62))>0,1,0),0) +IF(AND($S68<>10,AA$62<>10,$B$5>9),IF(-LN(INDEX(consMat,$S68,AA$62))*LN(INDEX(consMat,$S68,10)*INDEX(consMat,10,AA$62))>0,1,0))) ) -> 0 | AB68: =IF(OR($S68>$B$5,AB$62>$B$5),0, 1/($B$5-2)*( IF(AND($S68<>1,AB$62<>1, $B$5>0),IF(-LN(INDEX(consMat,$S68,AB$62))*LN(INDEX(consMat,$S68,1)*INDEX(consMat,1,AB$62))>0,1,0),0) +IF(AND($S68<>2,AB$62<>2,$B$5>1),IF(-LN(INDEX(consMat,$S68,AB$62))*LN(INDEX(consMat,$S68,2)*INDEX(consMat,2,AB$62))>0,1,0),0) +IF(AND($S68<>3,AB$62<>3,$B$5>2),IF(-LN(INDEX(consMat,$S68,AB$62))*LN(INDEX(consMat,$S68,3)*INDEX(consMat,3,AB$62))>0,1,0),0) +IF(AND($S68<>4,AB$62<>4,$B$5>3),IF(-LN(INDEX(consMat,$S68,AB$62))*LN(INDEX(consMat,$S68,4)*INDEX(consMat,4,AB$62))>0,1,0),0) +IF(AND($S68<>5,AB$62<>5,$B$5>4),IF(-LN(INDEX(consMat,$S68,AB$62))*LN(INDEX(consMat,$S68,5)*INDEX(consMat,5,AB$62))>0,1,0),0) +IF(AND($S68<>6,AB$62<>6,$B$5>5),IF(-LN(INDEX(consMat,$S68,AB$62))*LN(INDEX(consMat,$S68,6)*INDEX(consMat,6,AB$62))>0,1,0),0) +IF(AND($S68<>7,AB$62<>7,$B$5>6),IF(-LN(INDEX(consMat,$S68,AB$62))*LN(INDEX(consMat,$S68,7)*INDEX(consMat,7,AB$62))>0,1,0),0) +IF(AND($S68<>8,AB$62<>8,$B$5>7),IF(-LN(INDEX(consMat,$S68,AB$62))*LN(INDEX(consMat,$S68,8)*INDEX(consMat,8,AB$62))>0,1,0),0) +IF(AND($S68<>9,AB$62<>9,$B$5>8),IF(-LN(INDEX(consMat,$S68,AB$62))*LN(INDEX(consMat,$S68,9)*INDEX(consMat,9,AB$62))>0,1,0),0) +IF(AND($S68<>10,AB$62<>10,$B$5>9),IF(-LN(INDEX(consMat,$S68,AB$62))*LN(INDEX(consMat,$S68,10)*INDEX(consMat,10,AB$62))>0,1,0))) ) -> 0 | AC68: =IF(OR($S68>$B$5,AC$62>$B$5),0, 1/($B$5-2)*( IF(AND($S68<>1,AC$62<>1, $B$5>0),IF(-LN(INDEX(consMat,$S68,AC$62))*LN(INDEX(consMat,$S68,1)*INDEX(consMat,1,AC$62))>0,1,0),0) +IF(AND($S68<>2,AC$62<>2,$B$5>1),IF(-LN(INDEX(consMat,$S68,AC$62))*LN(INDEX(consMat,$S68,2)*INDEX(consMat,2,AC$62))>0,1,0),0) +IF(AND($S68<>3,AC$62<>3,$B$5>2),IF(-LN(INDEX(consMat,$S68,AC$62))*LN(INDEX(consMat,$S68,3)*INDEX(consMat,3,AC$62))>0,1,0),0) +IF(AND($S68<>4,AC$62<>4,$B$5>3),IF(-LN(INDEX(consMat,$S68,AC$62))*LN(INDEX(consMat,$S68,4)*INDEX(consMat,4,AC$62))>0,1,0),0) +IF(AND($S68<>5,AC$62<>5,$B$5>4),IF(-LN(INDEX(consMat,$S68,AC$62))*LN(INDEX(consMat,$S68,5)*INDEX(consMat,5,AC$62))>0,1,0),0) +IF(AND($S68<>6,AC$62<>6,$B$5>5),IF(-LN(INDEX(consMat,$S68,AC$62))*LN(INDEX(consMat,$S68,6)*INDEX(consMat,6,AC$62))>0,1,0),0) +IF(AND($S68<>7,AC$62<>7,$B$5>6),IF(-LN(INDEX(consMat,$S68,AC$62))*LN(INDEX(consMat,$S68,7)*INDEX(consMat,7,AC$62))>0,1,0),0) +IF(AND($S68<>8,AC$62<>8,$B$5>7),IF(-LN(INDEX(consMat,$S68,AC$62))*LN(INDEX(consMat,$S68,8)*INDEX(consMat,8,AC$62))>0,1,0),0) +IF(AND($S68<>9,AC$62<>9,$B$5>8),IF(-LN(INDEX(consMat,$S68,AC$62))*LN(INDEX(consMat,$S68,9)*INDEX(consMat,9,AC$62))>0,1,0),0) +IF(AND($S68<>10,AC$62<>10,$B$5>9),IF(-LN(INDEX(consMat,$S68,AC$62))*LN(INDEX(consMat,$S68,10)*INDEX(consMat,10,AC$62))>0,1,0))) ) -> 0
B69: 6 | C69: =IF(B69<=$B$7,TRANSPOSE(RGGM6),) -> 0 | D69: 0 | E69: 0 | F69: 0 | G69: 0 | H69: 0 | I69: 0 | J69: 0 | K69: 0 | L69: 0 | S69: 7 | AA69: =IF(OR($S69>$B$5,AA$62>$B$5),0, 1/($B$5-2)*( IF(AND($S69<>1,AA$62<>1, $B$5>0),IF(-LN(INDEX(consMat,$S69,AA$62))*LN(INDEX(consMat,$S69,1)*INDEX(consMat,1,AA$62))>0,1,0),0) +IF(AND($S69<>2,AA$62<>2,$B$5>1),IF(-LN(INDEX(consMat,$S69,AA$62))*LN(INDEX(consMat,$S69,2)*INDEX(consMat,2,AA$62))>0,1,0),0) +IF(AND($S69<>3,AA$62<>3,$B$5>2),IF(-LN(INDEX(consMat,$S69,AA$62))*LN(INDEX(consMat,$S69,3)*INDEX(consMat,3,AA$62))>0,1,0),0) +IF(AND($S69<>4,AA$62<>4,$B$5>3),IF(-LN(INDEX(consMat,$S69,AA$62))*LN(INDEX(consMat,$S69,4)*INDEX(consMat,4,AA$62))>0,1,0),0) +IF(AND($S69<>5,AA$62<>5,$B$5>4),IF(-LN(INDEX(consMat,$S69,AA$62))*LN(INDEX(consMat,$S69,5)*INDEX(consMat,5,AA$62))>0,1,0),0) +IF(AND($S69<>6,AA$62<>6,$B$5>5),IF(-LN(INDEX(consMat,$S69,AA$62))*LN(INDEX(consMat,$S69,6)*INDEX(consMat,6,AA$62))>0,1,0),0) +IF(AND($S69<>7,AA$62<>7,$B$5>6),IF(-LN(INDEX(consMat,$S69,AA$62))*LN(INDEX(consMat,$S69,7)*INDEX(consMat,7,AA$62))>0,1,0),0) +IF(AND($S69<>8,AA$62<>8,$B$5>7),IF(-LN(INDEX(consMat,$S69,AA$62))*LN(INDEX(consMat,$S69,8)*INDEX(consMat,8,AA$62))>0,1,0),0) +IF(AND($S69<>9,AA$62<>9,$B$5>8),IF(-LN(INDEX(consMat,$S69,AA$62))*LN(INDEX(consMat,$S69,9)*INDEX(consMat,9,AA$62))>0,1,0),0) +IF(AND($S69<>10,AA$62<>10,$B$5>9),IF(-LN(INDEX(consMat,$S69,AA$62))*LN(INDEX(consMat,$S69,10)*INDEX(consMat,10,AA$62))>0,1,0))) ) -> 0 | AB69: =IF(OR($S69>$B$5,AB$62>$B$5),0, 1/($B$5-2)*( IF(AND($S69<>1,AB$62<>1, $B$5>0),IF(-LN(INDEX(consMat,$S69,AB$62))*LN(INDEX(consMat,$S69,1)*INDEX(consMat,1,AB$62))>0,1,0),0) +IF(AND($S69<>2,AB$62<>2,$B$5>1),IF(-LN(INDEX(consMat,$S69,AB$62))*LN(INDEX(consMat,$S69,2)*INDEX(consMat,2,AB$62))>0,1,0),0) +IF(AND($S69<>3,AB$62<>3,$B$5>2),IF(-LN(INDEX(consMat,$S69,AB$62))*LN(INDEX(consMat,$S69,3)*INDEX(consMat,3,AB$62))>0,1,0),0) +IF(AND($S69<>4,AB$62<>4,$B$5>3),IF(-LN(INDEX(consMat,$S69,AB$62))*LN(INDEX(consMat,$S69,4)*INDEX(consMat,4,AB$62))>0,1,0),0) +IF(AND($S69<>5,AB$62<>5,$B$5>4),IF(-LN(INDEX(consMat,$S69,AB$62))*LN(INDEX(consMat,$S69,5)*INDEX(consMat,5,AB$62))>0,1,0),0) +IF(AND($S69<>6,AB$62<>6,$B$5>5),IF(-LN(INDEX(consMat,$S69,AB$62))*LN(INDEX(consMat,$S69,6)*INDEX(consMat,6,AB$62))>0,1,0),0) +IF(AND($S69<>7,AB$62<>7,$B$5>6),IF(-LN(INDEX(consMat,$S69,AB$62))*LN(INDEX(consMat,$S69,7)*INDEX(consMat,7,AB$62))>0,1,0),0) +IF(AND($S69<>8,AB$62<>8,$B$5>7),IF(-LN(INDEX(consMat,$S69,AB$62))*LN(INDEX(consMat,$S69,8)*INDEX(consMat,8,AB$62))>0,1,0),0) +IF(AND($S69<>9,AB$62<>9,$B$5>8),IF(-LN(INDEX(consMat,$S69,AB$62))*LN(INDEX(consMat,$S69,9)*INDEX(consMat,9,AB$62))>0,1,0),0) +IF(AND($S69<>10,AB$62<>10,$B$5>9),IF(-LN(INDEX(consMat,$S69,AB$62))*LN(INDEX(consMat,$S69,10)*INDEX(consMat,10,AB$62))>0,1,0))) ) -> 0 | AC69: =IF(OR($S69>$B$5,AC$62>$B$5),0, 1/($B$5-2)*( IF(AND($S69<>1,AC$62<>1, $B$5>0),IF(-LN(INDEX(consMat,$S69,AC$62))*LN(INDEX(consMat,$S69,1)*INDEX(consMat,1,AC$62))>0,1,0),0) +IF(AND($S69<>2,AC$62<>2,$B$5>1),IF(-LN(INDEX(consMat,$S69,AC$62))*LN(INDEX(consMat,$S69,2)*INDEX(consMat,2,AC$62))>0,1,0),0) +IF(AND($S69<>3,AC$62<>3,$B$5>2),IF(-LN(INDEX(consMat,$S69,AC$62))*LN(INDEX(consMat,$S69,3)*INDEX(consMat,3,AC$62))>0,1,0),0) +IF(AND($S69<>4,AC$62<>4,$B$5>3),IF(-LN(INDEX(consMat,$S69,AC$62))*LN(INDEX(consMat,$S69,4)*INDEX(consMat,4,AC$62))>0,1,0),0) +IF(AND($S69<>5,AC$62<>5,$B$5>4),IF(-LN(INDEX(consMat,$S69,AC$62))*LN(INDEX(consMat,$S69,5)*INDEX(consMat,5,AC$62))>0,1,0),0) +IF(AND($S69<>6,AC$62<>6,$B$5>5),IF(-LN(INDEX(consMat,$S69,AC$62))*LN(INDEX(consMat,$S69,6)*INDEX(consMat,6,AC$62))>0,1,0),0) +IF(AND($S69<>7,AC$62<>7,$B$5>6),IF(-LN(INDEX(consMat,$S69,AC$62))*LN(INDEX(consMat,$S69,7)*INDEX(consMat,7,AC$62))>0,1,0),0) +IF(AND($S69<>8,AC$62<>8,$B$5>7),IF(-LN(INDEX(consMat,$S69,AC$62))*LN(INDEX(consMat,$S69,8)*INDEX(consMat,8,AC$62))>0,1,0),0) +IF(AND($S69<>9,AC$62<>9,$B$5>8),IF(-LN(INDEX(consMat,$S69,AC$62))*LN(INDEX(consMat,$S69,9)*INDEX(consMat,9,AC$62))>0,1,0),0) +IF(AND($S69<>10,AC$62<>10,$B$5>9),IF(-LN(INDEX(consMat,$S69,AC$62))*LN(INDEX(consMat,$S69,10)*INDEX(consMat,10,AC$62))>0,1,0))) ) -> 0
B70: 7 | C70: =IF(B70<=$B$7,TRANSPOSE(RGGM7),) -> 0 | D70: 0 | E70: 0 | F70: 0 | G70: 0 | H70: 0 | I70: 0 | J70: 0 | K70: 0 | L70: 0 | S70: 8 | AB70: =IF(OR($S70>$B$5,AB$62>$B$5),0, 1/($B$5-2)*( IF(AND($S70<>1,AB$62<>1, $B$5>0),IF(-LN(INDEX(consMat,$S70,AB$62))*LN(INDEX(consMat,$S70,1)*INDEX(consMat,1,AB$62))>0,1,0),0) +IF(AND($S70<>2,AB$62<>2,$B$5>1),IF(-LN(INDEX(consMat,$S70,AB$62))*LN(INDEX(consMat,$S70,2)*INDEX(consMat,2,AB$62))>0,1,0),0) +IF(AND($S70<>3,AB$62<>3,$B$5>2),IF(-LN(INDEX(consMat,$S70,AB$62))*LN(INDEX(consMat,$S70,3)*INDEX(consMat,3,AB$62))>0,1,0),0) +IF(AND($S70<>4,AB$62<>4,$B$5>3),IF(-LN(INDEX(consMat,$S70,AB$62))*LN(INDEX(consMat,$S70,4)*INDEX(consMat,4,AB$62))>0,1,0),0) +IF(AND($S70<>5,AB$62<>5,$B$5>4),IF(-LN(INDEX(consMat,$S70,AB$62))*LN(INDEX(consMat,$S70,5)*INDEX(consMat,5,AB$62))>0,1,0),0) +IF(AND($S70<>6,AB$62<>6,$B$5>5),IF(-LN(INDEX(consMat,$S70,AB$62))*LN(INDEX(consMat,$S70,6)*INDEX(consMat,6,AB$62))>0,1,0),0) +IF(AND($S70<>7,AB$62<>7,$B$5>6),IF(-LN(INDEX(consMat,$S70,AB$62))*LN(INDEX(consMat,$S70,7)*INDEX(consMat,7,AB$62))>0,1,0),0) +IF(AND($S70<>8,AB$62<>8,$B$5>7),IF(-LN(INDEX(consMat,$S70,AB$62))*LN(INDEX(consMat,$S70,8)*INDEX(consMat,8,AB$62))>0,1,0),0) +IF(AND($S70<>9,AB$62<>9,$B$5>8),IF(-LN(INDEX(consMat,$S70,AB$62))*LN(INDEX(consMat,$S70,9)*INDEX(consMat,9,AB$62))>0,1,0),0) +IF(AND($S70<>10,AB$62<>10,$B$5>9),IF(-LN(INDEX(consMat,$S70,AB$62))*LN(INDEX(consMat,$S70,10)*INDEX(consMat,10,AB$62))>0,1,0))) ) -> 0 | AC70: =IF(OR($S70>$B$5,AC$62>$B$5),0, 1/($B$5-2)*( IF(AND($S70<>1,AC$62<>1, $B$5>0),IF(-LN(INDEX(consMat,$S70,AC$62))*LN(INDEX(consMat,$S70,1)*INDEX(consMat,1,AC$62))>0,1,0),0) +IF(AND($S70<>2,AC$62<>2,$B$5>1),IF(-LN(INDEX(consMat,$S70,AC$62))*LN(INDEX(consMat,$S70,2)*INDEX(consMat,2,AC$62))>0,1,0),0) +IF(AND($S70<>3,AC$62<>3,$B$5>2),IF(-LN(INDEX(consMat,$S70,AC$62))*LN(INDEX(consMat,$S70,3)*INDEX(consMat,3,AC$62))>0,1,0),0) +IF(AND($S70<>4,AC$62<>4,$B$5>3),IF(-LN(INDEX(consMat,$S70,AC$62))*LN(INDEX(consMat,$S70,4)*INDEX(consMat,4,AC$62))>0,1,0),0) +IF(AND($S70<>5,AC$62<>5,$B$5>4),IF(-LN(INDEX(consMat,$S70,AC$62))*LN(INDEX(consMat,$S70,5)*INDEX(consMat,5,AC$62))>0,1,0),0) +IF(AND($S70<>6,AC$62<>6,$B$5>5),IF(-LN(INDEX(consMat,$S70,AC$62))*LN(INDEX(consMat,$S70,6)*INDEX(consMat,6,AC$62))>0,1,0),0) +IF(AND($S70<>7,AC$62<>7,$B$5>6),IF(-LN(INDEX(consMat,$S70,AC$62))*LN(INDEX(consMat,$S70,7)*INDEX(consMat,7,AC$62))>0,1,0),0) +IF(AND($S70<>8,AC$62<>8,$B$5>7),IF(-LN(INDEX(consMat,$S70,AC$62))*LN(INDEX(consMat,$S70,8)*INDEX(consMat,8,AC$62))>0,1,0),0) +IF(AND($S70<>9,AC$62<>9,$B$5>8),IF(-LN(INDEX(consMat,$S70,AC$62))*LN(INDEX(consMat,$S70,9)*INDEX(consMat,9,AC$62))>0,1,0),0) +IF(AND($S70<>10,AC$62<>10,$B$5>9),IF(-LN(INDEX(consMat,$S70,AC$62))*LN(INDEX(consMat,$S70,10)*INDEX(consMat,10,AC$62))>0,1,0))) ) -> 0
B71: 8 | C71: =IF(B71<=$B$7,TRANSPOSE(RGGM8),) -> 0 | D71: 0 | E71: 0 | F71: 0 | G71: 0 | H71: 0 | I71: 0 | J71: 0 | K71: 0 | L71: 0 | S71: 9 | AC71: =IF(OR($S71>$B$5,AC$62>$B$5),0, 1/($B$5-2)*( IF(AND($S71<>1,AC$62<>1, $B$5>0),IF(-LN(INDEX(consMat,$S71,AC$62))*LN(INDEX(consMat,$S71,1)*INDEX(consMat,1,AC$62))>0,1,0),0) +IF(AND($S71<>2,AC$62<>2,$B$5>1),IF(-LN(INDEX(consMat,$S71,AC$62))*LN(INDEX(consMat,$S71,2)*INDEX(consMat,2,AC$62))>0,1,0),0) +IF(AND($S71<>3,AC$62<>3,$B$5>2),IF(-LN(INDEX(consMat,$S71,AC$62))*LN(INDEX(consMat,$S71,3)*INDEX(consMat,3,AC$62))>0,1,0),0) +IF(AND($S71<>4,AC$62<>4,$B$5>3),IF(-LN(INDEX(consMat,$S71,AC$62))*LN(INDEX(consMat,$S71,4)*INDEX(consMat,4,AC$62))>0,1,0),0) +IF(AND($S71<>5,AC$62<>5,$B$5>4),IF(-LN(INDEX(consMat,$S71,AC$62))*LN(INDEX(consMat,$S71,5)*INDEX(consMat,5,AC$62))>0,1,0),0) +IF(AND($S71<>6,AC$62<>6,$B$5>5),IF(-LN(INDEX(consMat,$S71,AC$62))*LN(INDEX(consMat,$S71,6)*INDEX(consMat,6,AC$62))>0,1,0),0) +IF(AND($S71<>7,AC$62<>7,$B$5>6),IF(-LN(INDEX(consMat,$S71,AC$62))*LN(INDEX(consMat,$S71,7)*INDEX(consMat,7,AC$62))>0,1,0),0) +IF(AND($S71<>8,AC$62<>8,$B$5>7),IF(-LN(INDEX(consMat,$S71,AC$62))*LN(INDEX(consMat,$S71,8)*INDEX(consMat,8,AC$62))>0,1,0),0) +IF(AND($S71<>9,AC$62<>9,$B$5>8),IF(-LN(INDEX(consMat,$S71,AC$62))*LN(INDEX(consMat,$S71,9)*INDEX(consMat,9,AC$62))>0,1,0),0) +IF(AND($S71<>10,AC$62<>10,$B$5>9),IF(-LN(INDEX(consMat,$S71,AC$62))*LN(INDEX(consMat,$S71,10)*INDEX(consMat,10,AC$62))>0,1,0))) ) -> 0
B72: 9 | C72: =IF(B72<=$B$7,TRANSPOSE(RGGM9),) -> 0 | D72: 0 | E72: 0 | F72: 0 | G72: 0 | H72: 0 | I72: 0 | J72: 0 | K72: 0 | L72: 0 | S72: 10
B73: 10 | C73: =IF(B73<=$B$7,TRANSPOSE(RGGM10),) -> 0 | D73: 0 | E73: 0 | F73: 0 | G73: 0 | H73: 0 | I73: 0 | J73: 0 | K73: 0 | L73: 0
B74: 11 | C74: =IF(B74<=$B$7,TRANSPOSE(RGGM11),) -> 0 | D74: 0 | E74: 0 | F74: 0 | G74: 0 | H74: 0 | I74: 0 | J74: 0 | K74: 0 | L74: 0
B75: 12 | C75: =IF(B75<=$B$7,TRANSPOSE(RGGM12),) -> 0 | D75: 0 | E75: 0 | F75: 0 | G75: 0 | H75: 0 | I75: 0 | J75: 0 | K75: 0 | L75: 0
B76: 13 | C76: =IF(B76<=$B$7,TRANSPOSE(RGGM13),) -> 0 | D76: 0 | E76: 0 | F76: 0 | G76: 0 | H76: 0 | I76: 0 | J76: 0 | K76: 0 | L76: 0
B77: 14 | C77: =IF(B77<=$B$7,TRANSPOSE(RGGM14),) -> 0 | D77: 0 | E77: 0 | F77: 0 | G77: 0 | H77: 0 | I77: 0 | J77: 0 | K77: 0 | L77: 0
B78: 15 | C78: =IF(B78<=$B$7,TRANSPOSE(RGGM15),) -> 0 | D78: 0 | E78: 0 | F78: 0 | G78: 0 | H78: 0 | I78: 0 | J78: 0 | K78: 0 | L78: 0
B79: 16 | C79: =IF(B79<=$B$7,TRANSPOSE(RGGM16),) -> 0 | D79: 0 | E79: 0 | F79: 0 | G79: 0 | H79: 0 | I79: 0 | J79: 0 | K79: 0 | L79: 0
B80: 17 | C80: =IF(B80<=$B$7,TRANSPOSE(RGGM17),) -> 0 | D80: 0 | E80: 0 | F80: 0 | G80: 0 | H80: 0 | I80: 0 | J80: 0 | K80: 0 | L80: 0
B81: 18 | C81: =IF(B81<=$B$7,TRANSPOSE(RGGM18),) -> 0 | D81: 0 | E81: 0 | F81: 0 | G81: 0 | H81: 0 | I81: 0 | J81: 0 | K81: 0 | L81: 0
B82: 19 | C82: =IF(B82<=$B$7,TRANSPOSE(RGGM19),) -> 0 | D82: 0 | E82: 0 | F82: 0 | G82: 0 | H82: 0 | I82: 0 | J82: 0 | K82: 0 | L82: 0
B83: 20 | C83: =IF(B83<=$B$7,TRANSPOSE(RGGM20),) -> 0 | D83: 0 | E83: 0 | F83: 0 | G83: 0 | H83: 0 | I83: 0 | J83: 0 | K83: 0 | L83: 0
B84: p-avg | C84: =SUM(C64:C83)/$B$7 -> #VALUE! | D84: =SUM(D64:D83)/$B$7 -> 0.028571429 | E84: =SUM(E64:E83)/$B$7 -> 0.085714286 | F84: =SUM(F64:F83)/$B$7 -> 0 | G84: =SUM(G64:G83)/$B$7 -> 0 | H84: =SUM(H64:H83)/$B$7 -> 0 | I84: =SUM(I64:I83)/$B$7 -> 0 | J84: =SUM(J64:J83)/$B$7 -> 0 | ... L84: =SUM(L64:L83)/$B$7 -> 0 | M84: =EXP(SUM(M85:M104)/$B$7) -> #VALUE! | N84: a | O84: Da
A85: Shannon | B85: 1 | C85: =IF(AND(C64>0,$B85<=$B$7),-C64*LN(C64),0) -> 0.36312765 | D85: =IF(AND(D64>0,$B85<=$B$7),-D64*LN(D64),0) -> 0.27798716 | E85: =IF(AND(E64>0,$B85<=$B$7),-E64*LN(E64),0) -> 0.36312765 | F85: =IF(AND(F64>0,$B85<=$B$7),-F64*LN(F64),0) -> 0 | G85: =IF(AND(G64>0,$B85<=$B$7),-G64*LN(G64),0) -> 0 | H85: =IF(AND(H64>0,$B85<=$B$7),-H64*LN(H64),0) -> 0 | I85: =IF(AND(I64>0,$B85<=$B$7),-I64*LN(I64),0) -> 0 | J85: =IF(AND(J64>0,$B85<=$B$7),-J64*LN(J64),0) -> 0 | ... L85: =IF(AND(L64>0,$B85<=$B$7),-L64*LN(L64),0) -> 0 | M85: =SUM(C85:L85) -> 1.0042425 | O85: =EXP(M85) -> 2.7298386
A86: Entropy | B86: 2 | C86: =IF(AND(C65>0,$B86<=$B$7),-C65*LN(C65),0) -> #VALUE! | D86: =IF(AND(D65>0,$B86<=$B$7),-D65*LN(D65),0) -> 0 | E86: =IF(AND(E65>0,$B86<=$B$7),-E65*LN(E65),0) -> 0 | F86: =IF(AND(F65>0,$B86<=$B$7),-F65*LN(F65),0) -> 0 | G86: =IF(AND(G65>0,$B86<=$B$7),-G65*LN(G65),0) -> 0 | H86: =IF(AND(H65>0,$B86<=$B$7),-H65*LN(H65),0) -> 0 | I86: =IF(AND(I65>0,$B86<=$B$7),-I65*LN(I65),0) -> 0 | J86: =IF(AND(J65>0,$B86<=$B$7),-J65*LN(J65),0) -> 0 | ... L86: =IF(AND(L65>0,$B86<=$B$7),-L65*LN(L65),0) -> 0 | M86: =SUM(C86:L86) -> #VALUE! | O86: =EXP(M86) -> #VALUE!
B87: 3 | C87: =IF(AND(C66>0,$B87<=$B$7),-C66*LN(C66),0) -> #VALUE! | D87: =IF(AND(D66>0,$B87<=$B$7),-D66*LN(D66),0) -> 0 | E87: =IF(AND(E66>0,$B87<=$B$7),-E66*LN(E66),0) -> 0 | F87: =IF(AND(F66>0,$B87<=$B$7),-F66*LN(F66),0) -> 0 | G87: =IF(AND(G66>0,$B87<=$B$7),-G66*LN(G66),0) -> 0 | H87: =IF(AND(H66>0,$B87<=$B$7),-H66*LN(H66),0) -> 0 | I87: =IF(AND(I66>0,$B87<=$B$7),-I66*LN(I66),0) -> 0 | J87: =IF(AND(J66>0,$B87<=$B$7),-J66*LN(J66),0) -> 0 | ... L87: =IF(AND(L66>0,$B87<=$B$7),-L66*LN(L66),0) -> 0 | M87: =SUM(C87:L87) -> #VALUE! | O87: =EXP(M87) -> #VALUE!
A88: AHP cor | B88: 4 | C88: =IF(AND(C67>0,$B88<=$B$7),-C67*LN(C67),0) -> #VALUE! | D88: =IF(AND(D67>0,$B88<=$B$7),-D67*LN(D67),0) -> 0 | E88: =IF(AND(E67>0,$B88<=$B$7),-E67*LN(E67),0) -> 0 | F88: =IF(AND(F67>0,$B88<=$B$7),-F67*LN(F67),0) -> 0 | G88: =IF(AND(G67>0,$B88<=$B$7),-G67*LN(G67),0) -> 0 | H88: =IF(AND(H67>0,$B88<=$B$7),-H67*LN(H67),0) -> 0 | I88: =IF(AND(I67>0,$B88<=$B$7),-I67*LN(I67),0) -> 0 | J88: =IF(AND(J67>0,$B88<=$B$7),-J67*LN(J67),0) -> 0 | ... L88: =IF(AND(L67>0,$B88<=$B$7),-L67*LN(L67),0) -> 0 | M88: =SUM(C88:L88) -> #VALUE! | O88: =EXP(M88) -> #VALUE!
A89: =EXP((-9/(B5+8)*LN(9/(B5+8))-(B5-1)*(1/(B5+8)*LN(1/(B5+8))))) -> 1.8224214 | B89: 5 | C89: =IF(AND(C68>0,$B89<=$B$7),-C68*LN(C68),0) -> #VALUE! | D89: =IF(AND(D68>0,$B89<=$B$7),-D68*LN(D68),0) -> 0 | E89: =IF(AND(E68>0,$B89<=$B$7),-E68*LN(E68),0) -> 0 | F89: =IF(AND(F68>0,$B89<=$B$7),-F68*LN(F68),0) -> 0 | G89: =IF(AND(G68>0,$B89<=$B$7),-G68*LN(G68),0) -> 0 | H89: =IF(AND(H68>0,$B89<=$B$7),-H68*LN(H68),0) -> 0 | I89: =IF(AND(I68>0,$B89<=$B$7),-I68*LN(I68),0) -> 0 | J89: =IF(AND(J68>0,$B89<=$B$7),-J68*LN(J68),0) -> 0 | ... L89: =IF(AND(L68>0,$B89<=$B$7),-L68*LN(L68),0) -> 0 | M89: =SUM(C89:L89) -> #VALUE! | O89: =EXP(M89) -> #VALUE!
A90: =EXP((B5-B7)*(-1/(B5+8)*LN(1/(B5+8)))+B7*(-(B7+8)/(B5+8)/B7*LN((B7+8)/(B5+8)/B7))) -> 3.5560646 | B90: 6 | C90: =IF(AND(C69>0,$B90<=$B$7),-C69*LN(C69),0) -> 0 | D90: =IF(AND(D69>0,$B90<=$B$7),-D69*LN(D69),0) -> 0 | E90: =IF(AND(E69>0,$B90<=$B$7),-E69*LN(E69),0) -> 0 | F90: =IF(AND(F69>0,$B90<=$B$7),-F69*LN(F69),0) -> 0 | G90: =IF(AND(G69>0,$B90<=$B$7),-G69*LN(G69),0) -> 0 | H90: =IF(AND(H69>0,$B90<=$B$7),-H69*LN(H69),0) -> 0 | I90: =IF(AND(I69>0,$B90<=$B$7),-I69*LN(I69),0) -> 0 | J90: =IF(AND(J69>0,$B90<=$B$7),-J69*LN(J69),0) -> 0 | ... L90: =IF(AND(L69>0,$B90<=$B$7),-L69*LN(L69),0) -> 0 | M90: =SUM(C90:L90) -> 0 | O90: =EXP(M90) -> 1
A91: =A92/A89 -> 1.6461615 | B91: 7 | C91: =IF(AND(C70>0,$B91<=$B$7),-C70*LN(C70),0) -> 0 | D91: =IF(AND(D70>0,$B91<=$B$7),-D70*LN(D70),0) -> 0 | E91: =IF(AND(E70>0,$B91<=$B$7),-E70*LN(E70),0) -> 0 | F91: =IF(AND(F70>0,$B91<=$B$7),-F70*LN(F70),0) -> 0 | G91: =IF(AND(G70>0,$B91<=$B$7),-G70*LN(G70),0) -> 0 | H91: =IF(AND(H70>0,$B91<=$B$7),-H70*LN(H70),0) -> 0 | I91: =IF(AND(I70>0,$B91<=$B$7),-I70*LN(I70),0) -> 0 | J91: =IF(AND(J70>0,$B91<=$B$7),-J70*LN(J70),0) -> 0 | ... L91: =IF(AND(L70>0,$B91<=$B$7),-L70*LN(L70),0) -> 0 | M91: =SUM(C91:L91) -> 0 | O91: =EXP(M91) -> 1
A92: =B5 -> 3 | B92: 8 | C92: =IF(AND(C71>0,$B92<=$B$7),-C71*LN(C71),0) -> 0 | D92: =IF(AND(D71>0,$B92<=$B$7),-D71*LN(D71),0) -> 0 | E92: =IF(AND(E71>0,$B92<=$B$7),-E71*LN(E71),0) -> 0 | F92: =IF(AND(F71>0,$B92<=$B$7),-F71*LN(F71),0) -> 0 | G92: =IF(AND(G71>0,$B92<=$B$7),-G71*LN(G71),0) -> 0 | H92: =IF(AND(H71>0,$B92<=$B$7),-H71*LN(H71),0) -> 0 | I92: =IF(AND(I71>0,$B92<=$B$7),-I71*LN(I71),0) -> 0 | J92: =IF(AND(J71>0,$B92<=$B$7),-J71*LN(J71),0) -> 0 | ... L92: =IF(AND(L71>0,$B92<=$B$7),-L71*LN(L71),0) -> 0 | M92: =SUM(C92:L92) -> 0 | O92: =EXP(M92) -> 1
B93: 9 | C93: =IF(AND(C72>0,$B93<=$B$7),-C72*LN(C72),0) -> 0 | D93: =IF(AND(D72>0,$B93<=$B$7),-D72*LN(D72),0) -> 0 | E93: =IF(AND(E72>0,$B93<=$B$7),-E72*LN(E72),0) -> 0 | F93: =IF(AND(F72>0,$B93<=$B$7),-F72*LN(F72),0) -> 0 | G93: =IF(AND(G72>0,$B93<=$B$7),-G72*LN(G72),0) -> 0 | H93: =IF(AND(H72>0,$B93<=$B$7),-H72*LN(H72),0) -> 0 | I93: =IF(AND(I72>0,$B93<=$B$7),-I72*LN(I72),0) -> 0 | J93: =IF(AND(J72>0,$B93<=$B$7),-J72*LN(J72),0) -> 0 | ... L93: =IF(AND(L72>0,$B93<=$B$7),-L72*LN(L72),0) -> 0 | M93: =SUM(C93:L93) -> 0 | O93: =EXP(M93) -> 1
B94: 10 | C94: =IF(AND(C73>0,$B94<=$B$7),-C73*LN(C73),0) -> 0 | D94: =IF(AND(D73>0,$B94<=$B$7),-D73*LN(D73),0) -> 0 | E94: =IF(AND(E73>0,$B94<=$B$7),-E73*LN(E73),0) -> 0 | F94: =IF(AND(F73>0,$B94<=$B$7),-F73*LN(F73),0) -> 0 | G94: =IF(AND(G73>0,$B94<=$B$7),-G73*LN(G73),0) -> 0 | H94: =IF(AND(H73>0,$B94<=$B$7),-H73*LN(H73),0) -> 0 | I94: =IF(AND(I73>0,$B94<=$B$7),-I73*LN(I73),0) -> 0 | J94: =IF(AND(J73>0,$B94<=$B$7),-J73*LN(J73),0) -> 0 | ... L94: =IF(AND(L73>0,$B94<=$B$7),-L73*LN(L73),0) -> 0 | M94: =SUM(C94:L94) -> 0 | O94: =EXP(M94) -> 1
B95: 11 | C95: =IF(AND(C74>0,$B95<=$B$7),-C74*LN(C74),0) -> 0 | D95: =IF(AND(D74>0,$B95<=$B$7),-D74*LN(D74),0) -> 0 | E95: =IF(AND(E74>0,$B95<=$B$7),-E74*LN(E74),0) -> 0 | F95: =IF(AND(F74>0,$B95<=$B$7),-F74*LN(F74),0) -> 0 | G95: =IF(AND(G74>0,$B95<=$B$7),-G74*LN(G74),0) -> 0 | H95: =IF(AND(H74>0,$B95<=$B$7),-H74*LN(H74),0) -> 0 | I95: =IF(AND(I74>0,$B95<=$B$7),-I74*LN(I74),0) -> 0 | J95: =IF(AND(J74>0,$B95<=$B$7),-J74*LN(J74),0) -> 0 | ... L95: =IF(AND(L74>0,$B95<=$B$7),-L74*LN(L74),0) -> 0 | M95: =SUM(C95:L95) -> 0 | O95: =EXP(M95) -> 1
B96: 12 | C96: =IF(AND(C75>0,$B96<=$B$7),-C75*LN(C75),0) -> 0 | D96: =IF(AND(D75>0,$B96<=$B$7),-D75*LN(D75),0) -> 0 | E96: =IF(AND(E75>0,$B96<=$B$7),-E75*LN(E75),0) -> 0 | F96: =IF(AND(F75>0,$B96<=$B$7),-F75*LN(F75),0) -> 0 | G96: =IF(AND(G75>0,$B96<=$B$7),-G75*LN(G75),0) -> 0 | H96: =IF(AND(H75>0,$B96<=$B$7),-H75*LN(H75),0) -> 0 | I96: =IF(AND(I75>0,$B96<=$B$7),-I75*LN(I75),0) -> 0 | J96: =IF(AND(J75>0,$B96<=$B$7),-J75*LN(J75),0) -> 0 | ... L96: =IF(AND(L75>0,$B96<=$B$7),-L75*LN(L75),0) -> 0 | M96: =SUM(C96:L96) -> 0 | O96: =EXP(M96) -> 1
B97: 13 | C97: =IF(AND(C76>0,$B97<=$B$7),-C76*LN(C76),0) -> 0 | D97: =IF(AND(D76>0,$B97<=$B$7),-D76*LN(D76),0) -> 0 | E97: =IF(AND(E76>0,$B97<=$B$7),-E76*LN(E76),0) -> 0 | F97: =IF(AND(F76>0,$B97<=$B$7),-F76*LN(F76),0) -> 0 | G97: =IF(AND(G76>0,$B97<=$B$7),-G76*LN(G76),0) -> 0 | H97: =IF(AND(H76>0,$B97<=$B$7),-H76*LN(H76),0) -> 0 | I97: =IF(AND(I76>0,$B97<=$B$7),-I76*LN(I76),0) -> 0 | J97: =IF(AND(J76>0,$B97<=$B$7),-J76*LN(J76),0) -> 0 | ... L97: =IF(AND(L76>0,$B97<=$B$7),-L76*LN(L76),0) -> 0 | M97: =SUM(C97:L97) -> 0 | O97: =EXP(M97) -> 1
B98: 14 | C98: =IF(AND(C77>0,$B98<=$B$7),-C77*LN(C77),0) -> 0 | D98: =IF(AND(D77>0,$B98<=$B$7),-D77*LN(D77),0) -> 0 | E98: =IF(AND(E77>0,$B98<=$B$7),-E77*LN(E77),0) -> 0 | F98: =IF(AND(F77>0,$B98<=$B$7),-F77*LN(F77),0) -> 0 | G98: =IF(AND(G77>0,$B98<=$B$7),-G77*LN(G77),0) -> 0 | H98: =IF(AND(H77>0,$B98<=$B$7),-H77*LN(H77),0) -> 0 | I98: =IF(AND(I77>0,$B98<=$B$7),-I77*LN(I77),0) -> 0 | J98: =IF(AND(J77>0,$B98<=$B$7),-J77*LN(J77),0) -> 0 | ... L98: =IF(AND(L77>0,$B98<=$B$7),-L77*LN(L77),0) -> 0 | M98: =SUM(C98:L98) -> 0 | O98: =EXP(M98) -> 1
B99: 15 | C99: =IF(AND(C78>0,$B99<=$B$7),-C78*LN(C78),0) -> 0 | D99: =IF(AND(D78>0,$B99<=$B$7),-D78*LN(D78),0) -> 0 | E99: =IF(AND(E78>0,$B99<=$B$7),-E78*LN(E78),0) -> 0 | F99: =IF(AND(F78>0,$B99<=$B$7),-F78*LN(F78),0) -> 0 | G99: =IF(AND(G78>0,$B99<=$B$7),-G78*LN(G78),0) -> 0 | H99: =IF(AND(H78>0,$B99<=$B$7),-H78*LN(H78),0) -> 0 | I99: =IF(AND(I78>0,$B99<=$B$7),-I78*LN(I78),0) -> 0 | J99: =IF(AND(J78>0,$B99<=$B$7),-J78*LN(J78),0) -> 0 | ... L99: =IF(AND(L78>0,$B99<=$B$7),-L78*LN(L78),0) -> 0 | M99: =SUM(C99:L99) -> 0 | O99: =EXP(M99) -> 1
B100: 16 | C100: =IF(AND(C79>0,$B100<=$B$7),-C79*LN(C79),0) -> 0 | D100: =IF(AND(D79>0,$B100<=$B$7),-D79*LN(D79),0) -> 0 | E100: =IF(AND(E79>0,$B100<=$B$7),-E79*LN(E79),0) -> 0 | F100: =IF(AND(F79>0,$B100<=$B$7),-F79*LN(F79),0) -> 0 | G100: =IF(AND(G79>0,$B100<=$B$7),-G79*LN(G79),0) -> 0 | H100: =IF(AND(H79>0,$B100<=$B$7),-H79*LN(H79),0) -> 0 | I100: =IF(AND(I79>0,$B100<=$B$7),-I79*LN(I79),0) -> 0 | J100: =IF(AND(J79>0,$B100<=$B$7),-J79*LN(J79),0) -> 0 | ... L100: =IF(AND(L79>0,$B100<=$B$7),-L79*LN(L79),0) -> 0 | M100: =SUM(C100:L100) -> 0 | O100: =EXP(M100) -> 1
B101: 17 | C101: =IF(AND(C80>0,$B101<=$B$7),-C80*LN(C80),0) -> 0 | D101: =IF(AND(D80>0,$B101<=$B$7),-D80*LN(D80),0) -> 0 | E101: =IF(AND(E80>0,$B101<=$B$7),-E80*LN(E80),0) -> 0 | F101: =IF(AND(F80>0,$B101<=$B$7),-F80*LN(F80),0) -> 0 | G101: =IF(AND(G80>0,$B101<=$B$7),-G80*LN(G80),0) -> 0 | H101: =IF(AND(H80>0,$B101<=$B$7),-H80*LN(H80),0) -> 0 | I101: =IF(AND(I80>0,$B101<=$B$7),-I80*LN(I80),0) -> 0 | J101: =IF(AND(J80>0,$B101<=$B$7),-J80*LN(J80),0) -> 0 | ... L101: =IF(AND(L80>0,$B101<=$B$7),-L80*LN(L80),0) -> 0 | M101: =SUM(C101:L101) -> 0 | O101: =EXP(M101) -> 1
B102: 18 | C102: =IF(AND(C81>0,$B102<=$B$7),-C81*LN(C81),0) -> 0 | D102: =IF(AND(D81>0,$B102<=$B$7),-D81*LN(D81),0) -> 0 | E102: =IF(AND(E81>0,$B102<=$B$7),-E81*LN(E81),0) -> 0 | F102: =IF(AND(F81>0,$B102<=$B$7),-F81*LN(F81),0) -> 0 | G102: =IF(AND(G81>0,$B102<=$B$7),-G81*LN(G81),0) -> 0 | H102: =IF(AND(H81>0,$B102<=$B$7),-H81*LN(H81),0) -> 0 | I102: =IF(AND(I81>0,$B102<=$B$7),-I81*LN(I81),0) -> 0 | J102: =IF(AND(J81>0,$B102<=$B$7),-J81*LN(J81),0) -> 0 | ... L102: =IF(AND(L81>0,$B102<=$B$7),-L81*LN(L81),0) -> 0 | M102: =SUM(C102:L102) -> 0 | O102: =EXP(M102) -> 1
B103: 19 | C103: =IF(AND(C82>0,$B103<=$B$7),-C82*LN(C82),0) -> 0 | D103: =IF(AND(D82>0,$B103<=$B$7),-D82*LN(D82),0) -> 0 | E103: =IF(AND(E82>0,$B103<=$B$7),-E82*LN(E82),0) -> 0 | F103: =IF(AND(F82>0,$B103<=$B$7),-F82*LN(F82),0) -> 0 | G103: =IF(AND(G82>0,$B103<=$B$7),-G82*LN(G82),0) -> 0 | H103: =IF(AND(H82>0,$B103<=$B$7),-H82*LN(H82),0) -> 0 | I103: =IF(AND(I82>0,$B103<=$B$7),-I82*LN(I82),0) -> 0 | J103: =IF(AND(J82>0,$B103<=$B$7),-J82*LN(J82),0) -> 0 | ... L103: =IF(AND(L82>0,$B103<=$B$7),-L82*LN(L82),0) -> 0 | M103: =SUM(C103:L103) -> 0 | O103: =EXP(M103) -> 1
B104: 20 | C104: =IF(AND(C83>0,$B104<=$B$7),-C83*LN(C83),0) -> 0 | D104: =IF(AND(D83>0,$B104<=$B$7),-D83*LN(D83),0) -> 0 | E104: =IF(AND(E83>0,$B104<=$B$7),-E83*LN(E83),0) -> 0 | F104: =IF(AND(F83>0,$B104<=$B$7),-F83*LN(F83),0) -> 0 | G104: =IF(AND(G83>0,$B104<=$B$7),-G83*LN(G83),0) -> 0 | H104: =IF(AND(H83>0,$B104<=$B$7),-H83*LN(H83),0) -> 0 | I104: =IF(AND(I83>0,$B104<=$B$7),-I83*LN(I83),0) -> 0 | J104: =IF(AND(J83>0,$B104<=$B$7),-J83*LN(J83),0) -> 0 | ... L104: =IF(AND(L83>0,$B104<=$B$7),-L83*LN(L83),0) -> 0 | M104: =SUM(C104:L104) -> 0 | O104: =EXP(M104) -> 1
B105: p-avg*ln(p-avg) | C105: =IF(C84>0,-C84*LN(C84),0) -> #VALUE! | D105: =IF(D84>0,-D84*LN(D84),0) -> 0.10158137 | E105: =IF(E84>0,-E84*LN(E84),0) -> 0.21057735 | F105: =IF(F84>0,-F84*LN(F84),0) -> 0 | G105: =IF(G84>0,-G84*LN(G84),0) -> 0 | H105: =IF(H84>0,-H84*LN(H84),0) -> 0 | I105: =IF(I84>0,-I84*LN(I84),0) -> 0 | J105: =IF(J84>0,-J84*LN(J84),0) -> 0 | ... L105: =IF(L84>0,-L84*LN(L84),0) -> 0 | M105: =EXP(SUM(C105:L105)) -> #VALUE! | N105: g
AG107: 5

Sheet In1
A1: AHP Analytic Hierarchy Process | J1: n= | K1: =Summary!B5 -> 3 | N1: Input | O1: 1
A2: Objective: | D2: =Summary!B11 -> Comparing Smoothness Factor Among Conventional Checkout, Self-Checkout and Unmanned Shop
A5: n | B5: Criteria | G5: Comment | O5: RGMM | P5: +/-
A6: 1 | B6: =IF(ISBLANK(Summary!C18),"",Summary!C18) -> Conventional Cashier | G6: =IF(ISBLANK(Summary!F18),"",Summary!F18) | O6: =O91/O$101 -> 0.42857143 | P6: =N91*SINH(P79)/O$101 -> 1.3457935e-16
A7: 2 | B7: =IF(ISBLANK(Summary!C19),"",Summary!C19) -> Self-Checkout | G7: =IF(ISBLANK(Summary!F19),"",Summary!F19) | O7: =O92/O$101 -> 0.14285714 | P7: =N92*SINH(P80)/O$101 -> 3.1720658e-17
A8: 3 | B8: =IF(ISBLANK(Summary!C20),"",Summary!C20) -> Unmanned Shop | G8: =IF(ISBLANK(Summary!F20),"",Summary!F20) | O8: =O93/O$101 -> 0.42857143 | P8: =N93*SINH(P81)/O$101 -> 1.3457935e-16
A9: 4 | B9: =IF(ISBLANK(Summary!C21),"",Summary!C21) | G9: =IF(ISBLANK(Summary!F21),"",Summary!F21) | O9: =O94/O$101 -> 0 | P9: =N94*SINH(P82)/O$101 -> 0
A10: 5 | B10: =IF(ISBLANK(Summary!C22),"",Summary!C22) | G10: =IF(ISBLANK(Summary!F22),"",Summary!F22) | O10: =O95/O$101 -> 0 | P10: =N95*SINH(P83)/O$101 -> 0
A11: 6 | B11: =IF(ISBLANK(Summary!C23),"",Summary!C23) | G11: =IF(ISBLANK(Summary!F23),"",Summary!F23) | O11: =O96/O$101 -> 0 | P11: =N96*SINH(P84)/O$101 -> 0
A12: 7 | B12: =IF(ISBLANK(Summary!C24),"",Summary!C24) | G12: =IF(ISBLANK(Summary!F24),"",Summary!F24) | O12: =O97/O$101 -> 0 | P12: =N97*SINH(P85)/O$101 -> 0
A13: 8 | B13: =IF(ISBLANK(Summary!C25),"",Summary!C25) | G13: =IF(ISBLANK(Summary!F25),"",Summary!F25) | O13: =O98/O$101 -> 0 | P13: =N98*SINH(P86)/O$101 -> 0
A14: 9 | B14: =IF(ISBLANK(Summary!C26),"",Summary!C26) | G14: =IF(ISBLANK(Summary!F26),"",Summary!F26) -> for 9&10 unprotect the input sheets and expand the | O14: =O99/O$101 -> 0 | P14: =N99*SINH(P87)/O$101 -> 0
A15: 10 | B15: =IF(ISBLANK(Summary!C27),"",Summary!C27) | G15: =IF(ISBLANK(Summary!F27),"",Summary!F27) -> question section ("+" in row 66) | O15: =O100/O$101 -> 0 | P15: =N100*SINH(P88)/O$101 -> 0
B17: Participant 1 | F17: 1 | J17: a: | K17: =Summary!K7 -> 0.1 | L17: CR: | M17: =(N101-K1)/((2.7699*K1-4.3513)-K1) -> -1.8534608e-15 | O17: =Summary!K5 -> 1
B18: Name | F18: Weight | H18: Date | M18: Consistency Ratio
G19: Criteria | K19: more important ? | L19: Scale | O19: A
B20: i | C20: j | D20: A | H20: B | K20: - A or B | L20: (1-9) | O20: B
A21: =IF(AND(B21<=$K$1,C21<=$K$1),B21*10+C21,0) -> 12 | B21: 1 | C21: 2 | D21: =VLOOKUP($B21,$A$6:$D$15,2) -> Conventional Cashier | H21: =IF(B21>0,VLOOKUP($C21,$A$6:$D$15,2),"") -> Self-Checkout | K21: A | L21: 3 | M21: =IF(AND(P21<>0,L$66>=($K$1*($K$1-1)/2)),RANK(P21,P$21:P$65),"") | N21: =IF(M21<4,OFFSET($B$123,$B21,$C21),"") | O21: =IF(AND(L21<>"",K21<>""),L21^(IF(K21="a",1,-1)),1) -> 3 | P21: =IF(AND($M$17>=$K$17,$A21>0),OFFSET($B$101,$B21,$C21),0) -> 0
A22: =IF(AND(B22<=$K$1,C22<=$K$1),B22*10+C22,0) -> 13 | B22: 1 | C22: 3 | D22: =IF(OR(B22=B21,A22=0),"",VLOOKUP($B22,$A$6:$D$15,2)) | H22: =IF(B22>0,VLOOKUP($C22,$A$6:$D$15,2),"") -> Unmanned Shop | K22: A | L22: 1 | M22: =IF(AND(P22<>0,L$66>=($K$1*($K$1-1)/2)),RANK(P22,P$21:P$65),"") | N22: =IF(M22<4,OFFSET($B$123,$B22,$C22),"") | O22: =IF(AND(L22<>"",K22<>""),L22^(IF(K22="a",1,-1)),1) -> 1 | P22: =IF(AND($M$17>=$K$17,$A22>0),OFFSET($B$101,$B22,$C22),0) -> 0
A23: =IF(AND(B23<=$K$1,C23<=$K$1),B23*10+C23,0) -> 0 | B23: 1 | C23: 4 | D23: =IF(OR(B23=B22,A23=0),"",VLOOKUP($B23,$A$6:$D$15,2)) | H23: =IF(B23>0,VLOOKUP($C23,$A$6:$D$15,2),"") | M23: =IF(AND(P23<>0,L$66>=($K$1*($K$1-1)/2)),RANK(P23,P$21:P$65),"") | N23: =IF(M23<4,OFFSET($B$123,$B23,$C23),"") | O23: =IF(AND(L23<>"",K23<>""),L23^(IF(K23="a",1,-1)),1) -> 1 | P23: =IF(AND($M$17>=$K$17,$A23>0),OFFSET($B$101,$B23,$C23),0) -> 0
A24: =IF(AND(B24<=$K$1,C24<=$K$1),B24*10+C24,0) -> 0 | B24: 1 | C24: 5 | D24: =IF(OR(B24=B23,A24=0),"",VLOOKUP($B24,$A$6:$D$15,2)) | H24: =IF(B24>0,VLOOKUP($C24,$A$6:$D$15,2),"") | M24: =IF(AND(P24<>0,L$66>=($K$1*($K$1-1)/2)),RANK(P24,P$21:P$65),"") | N24: =IF(M24<4,OFFSET($B$123,$B24,$C24),"") | O24: =IF(AND(L24<>"",K24<>""),L24^(IF(K24="a",1,-1)),1) -> 1 | P24: =IF(AND($M$17>=$K$17,$A24>0),OFFSET($B$101,$B24,$C24),0) -> 0
A25: =IF(AND(B25<=$K$1,C25<=$K$1),B25*10+C25,0) -> 0 | B25: 1 | C25: 6 | D25: =IF(OR(B25=B24,A25=0),"",VLOOKUP($B25,$A$6:$D$15,2)) | H25: =IF(B25>0,VLOOKUP($C25,$A$6:$D$15,2),"") | M25: =IF(AND(P25<>0,L$66>=($K$1*($K$1-1)/2)),RANK(P25,P$21:P$65),"") | N25: =IF(M25<4,OFFSET($B$123,$B25,$C25),"") | O25: =IF(AND(L25<>"",K25<>""),L25^(IF(K25="a",1,-1)),1) -> 1 | P25: =IF(AND($M$17>=$K$17,$A25>0),OFFSET($B$101,$B25,$C25),0) -> 0
A26: =IF(AND(B26<=$K$1,C26<=$K$1),B26*10+C26,0) -> 0 | B26: 1 | C26: 7 | D26: =IF(OR(B26=B25,A26=0),"",VLOOKUP($B26,$A$6:$D$15,2)) | H26: =IF(B26>0,VLOOKUP($C26,$A$6:$D$15,2),"") | M26: =IF(AND(P26<>0,L$66>=($K$1*($K$1-1)/2)),RANK(P26,P$21:P$65),"") | N26: =IF(M26<4,OFFSET($B$123,$B26,$C26),"") | O26: =IF(AND(L26<>"",K26<>""),L26^(IF(K26="a",1,-1)),1) -> 1 | P26: =IF(AND($M$17>=$K$17,$A26>0),OFFSET($B$101,$B26,$C26),0) -> 0
A27: =IF(AND(B27<=$K$1,C27<=$K$1),B27*10+C27,0) -> 0 | B27: 1 | C27: 8 | D27: =IF(OR(B27=B26,A27=0),"",VLOOKUP($B27,$A$6:$D$15,2)) | H27: =IF(B27>0,VLOOKUP($C27,$A$6:$D$15,2),"") | M27: =IF(AND(P27<>0,L$66>=($K$1*($K$1-1)/2)),RANK(P27,P$21:P$65),"") | N27: =IF(M27<4,OFFSET($B$123,$B27,$C27),"") | O27: =IF(AND(L27<>"",K27<>""),L27^(IF(K27="a",1,-1)),1) -> 1 | P27: =IF(AND($M$17>=$K$17,$A27>0),OFFSET($B$101,$B27,$C27),0) -> 0
A28: =IF(AND(B28<=$K$1,C28<=$K$1),B28*10+C28,0) -> 23 | B28: 2 | C28: 3 | D28: =IF(OR(B28=B27,A28=0),"",VLOOKUP($B28,$A$6:$D$15,2)) -> Self-Checkout | H28: =IF(B28>0,VLOOKUP($C28,$A$6:$D$15,2),"") -> Unmanned Shop | K28: B | L28: 3 | M28: =IF(AND(P28<>0,L$66>=($K$1*($K$1-1)/2)),RANK(P28,P$21:P$65),"") | N28: =IF(M28<4,OFFSET($B$123,$B28,$C28),"") | O28: =IF(AND(L28<>"",K28<>""),L28^(IF(K28="a",1,-1)),1) -> 0.33333333 | P28: =IF(AND($M$17>=$K$17,$A28>0),OFFSET($B$101,$B28,$C28),0) -> 0
A29: =IF(AND(B29<=$K$1,C29<=$K$1),B29*10+C29,0) -> 0 | B29: 2 | C29: 4 | D29: =IF(OR(B29=B28,A29=0),"",VLOOKUP($B29,$A$6:$D$15,2)) | H29: =IF(B29>0,VLOOKUP($C29,$A$6:$D$15,2),"") | M29: =IF(AND(P29<>0,L$66>=($K$1*($K$1-1)/2)),RANK(P29,P$21:P$65),"") | N29: =IF(M29<4,OFFSET($B$123,$B29,$C29),"") | O29: =IF(AND(L29<>"",K29<>""),L29^(IF(K29="a",1,-1)),1) -> 1 | P29: =IF(AND($M$17>=$K$17,$A29>0),OFFSET($B$101,$B29,$C29),0) -> 0
A30: =IF(AND(B30<=$K$1,C30<=$K$1),B30*10+C30,0) -> 0 | B30: 2 | C30: 5 | D30: =IF(OR(B30=B29,A30=0),"",VLOOKUP($B30,$A$6:$D$15,2)) | H30: =IF(B30>0,VLOOKUP($C30,$A$6:$D$15,2),"") | M30: =IF(AND(P30<>0,L$66>=($K$1*($K$1-1)/2)),RANK(P30,P$21:P$65),"") | N30: =IF(M30<4,OFFSET($B$123,$B30,$C30),"") | O30: =IF(AND(L30<>"",K30<>""),L30^(IF(K30="a",1,-1)),1) -> 1 | P30: =IF(AND($M$17>=$K$17,$A30>0),OFFSET($B$101,$B30,$C30),0) -> 0
A31: =IF(AND(B31<=$K$1,C31<=$K$1),B31*10+C31,0) -> 0 | B31: 2 | C31: 6 | D31: =IF(OR(B31=B30,A31=0),"",VLOOKUP($B31,$A$6:$D$15,2)) | H31: =IF(B31>0,VLOOKUP($C31,$A$6:$D$15,2),"") | M31: =IF(AND(P31<>0,L$66>=($K$1*($K$1-1)/2)),RANK(P31,P$21:P$65),"") | N31: =IF(M31<4,OFFSET($B$123,$B31,$C31),"") | O31: =IF(AND(L31<>"",K31<>""),L31^(IF(K31="a",1,-1)),1) -> 1 | P31: =IF(AND($M$17>=$K$17,$A31>0),OFFSET($B$101,$B31,$C31),0) -> 0
A32: =IF(AND(B32<=$K$1,C32<=$K$1),B32*10+C32,0) -> 0 | B32: 2 | C32: 7 | D32: =IF(OR(B32=B31,A32=0),"",VLOOKUP($B32,$A$6:$D$15,2)) | H32: =IF(B32>0,VLOOKUP($C32,$A$6:$D$15,2),"") | M32: =IF(AND(P32<>0,L$66>=($K$1*($K$1-1)/2)),RANK(P32,P$21:P$65),"") | N32: =IF(M32<4,OFFSET($B$123,$B32,$C32),"") | O32: =IF(AND(L32<>"",K32<>""),L32^(IF(K32="a",1,-1)),1) -> 1 | P32: =IF(AND($M$17>=$K$17,$A32>0),OFFSET($B$101,$B32,$C32),0) -> 0
A33: =IF(AND(B33<=$K$1,C33<=$K$1),B33*10+C33,0) -> 0 | B33: 2 | C33: 8 | D33: =IF(OR(B33=B32,A33=0),"",VLOOKUP($B33,$A$6:$D$15,2)) | H33: =IF(B33>0,VLOOKUP($C33,$A$6:$D$15,2),"") | M33: =IF(AND(P33<>0,L$66>=($K$1*($K$1-1)/2)),RANK(P33,P$21:P$65),"") | N33: =IF(M33<4,OFFSET($B$123,$B33,$C33),"") | O33: =IF(AND(L33<>"",K33<>""),L33^(IF(K33="a",1,-1)),1) -> 1 | P33: =IF(AND($M$17>=$K$17,$A33>0),OFFSET($B$101,$B33,$C33),0) -> 0
A34: =IF(AND(B34<=$K$1,C34<=$K$1),B34*10+C34,0) -> 0 | B34: 3 | C34: 4 | D34: =IF(OR(B34=B33,A34=0),"",VLOOKUP($B34,$A$6:$D$15,2)) | H34: =IF(B34>0,VLOOKUP($C34,$A$6:$D$15,2),"") | M34: =IF(AND(P34<>0,L$66>=($K$1*($K$1-1)/2)),RANK(P34,P$21:P$65),"") | N34: =IF(M34<4,OFFSET($B$123,$B34,$C34),"") | O34: =IF(AND(L34<>"",K34<>""),L34^(IF(K34="a",1,-1)),1) -> 1 | P34: =IF(AND($M$17>=$K$17,$A34>0),OFFSET($B$101,$B34,$C34),0) -> 0
A35: =IF(AND(B35<=$K$1,C35<=$K$1),B35*10+C35,0) -> 0 | B35: 3 | C35: 5 | D35: =IF(OR(B35=B34,A35=0),"",VLOOKUP($B35,$A$6:$D$15,2)) | H35: =IF(B35>0,VLOOKUP($C35,$A$6:$D$15,2),"") | M35: =IF(AND(P35<>0,L$66>=($K$1*($K$1-1)/2)),RANK(P35,P$21:P$65),"") | N35: =IF(M35<4,OFFSET($B$123,$B35,$C35),"") | O35: =IF(AND(L35<>"",K35<>""),L35^(IF(K35="a",1,-1)),1) -> 1 | P35: =IF(AND($M$17>=$K$17,$A35>0),OFFSET($B$101,$B35,$C35),0) -> 0
A36: =IF(AND(B36<=$K$1,C36<=$K$1),B36*10+C36,0) -> 0 | B36: 3 | C36: 6 | D36: =IF(OR(B36=B35,A36=0),"",VLOOKUP($B36,$A$6:$D$15,2)) | H36: =IF(B36>0,VLOOKUP($C36,$A$6:$D$15,2),"") | M36: =IF(AND(P36<>0,L$66>=($K$1*($K$1-1)/2)),RANK(P36,P$21:P$65),"") | N36: =IF(M36<4,OFFSET($B$123,$B36,$C36),"") | O36: =IF(AND(L36<>"",K36<>""),L36^(IF(K36="a",1,-1)),1) -> 1 | P36: =IF(AND($M$17>=$K$17,$A36>0),OFFSET($B$101,$B36,$C36),0) -> 0
A37: =IF(AND(B37<=$K$1,C37<=$K$1),B37*10+C37,0) -> 0 | B37: 3 | C37: 7 | D37: =IF(OR(B37=B36,A37=0),"",VLOOKUP($B37,$A$6:$D$15,2)) | H37: =IF(B37>0,VLOOKUP($C37,$A$6:$D$15,2),"") | M37: =IF(AND(P37<>0,L$66>=($K$1*($K$1-1)/2)),RANK(P37,P$21:P$65),"") | N37: =IF(M37<4,OFFSET($B$123,$B37,$C37),"") | O37: =IF(AND(L37<>"",K37<>""),L37^(IF(K37="a",1,-1)),1) -> 1 | P37: =IF(AND($M$17>=$K$17,$A37>0),OFFSET($B$101,$B37,$C37),0) -> 0
A38: =IF(AND(B38<=$K$1,C38<=$K$1),B38*10+C38,0) -> 0 | B38: 3 | C38: 8 | D38: =IF(OR(B38=B37,A38=0),"",VLOOKUP($B38,$A$6:$D$15,2)) | H38: =IF(B38>0,VLOOKUP($C38,$A$6:$D$15,2),"") | M38: =IF(AND(P38<>0,L$66>=($K$1*($K$1-1)/2)),RANK(P38,P$21:P$65),"") | N38: =IF(M38<4,OFFSET($B$123,$B38,$C38),"") | O38: =IF(AND(L38<>"",K38<>""),L38^(IF(K38="a",1,-1)),1) -> 1 | P38: =IF(AND($M$17>=$K$17,$A38>0),OFFSET($B$101,$B38,$C38),0) -> 0
A39: =IF(AND(B39<=$K$1,C39<=$K$1),B39*10+C39,0) -> 0 | B39: 4 | C39: 5 | D39: =IF(OR(B39=B38,A39=0),"",VLOOKUP($B39,$A$6:$D$15,2)) | H39: =IF(B39>0,VLOOKUP($C39,$A$6:$D$15,2),"") | M39: =IF(AND(P39<>0,L$66>=($K$1*($K$1-1)/2)),RANK(P39,P$21:P$65),"") | N39: =IF(M39<4,OFFSET($B$123,$B39,$C39),"") | O39: =IF(AND(L39<>"",K39<>""),L39^(IF(K39="a",1,-1)),1) -> 1 | P39: =IF(AND($M$17>=$K$17,$A39>0),OFFSET($B$101,$B39,$C39),0) -> 0
A40: =IF(AND(B40<=$K$1,C40<=$K$1),B40*10+C40,0) -> 0 | B40: 4 | C40: 6 | D40: =IF(OR(B40=B39,A40=0),"",VLOOKUP($B40,$A$6:$D$15,2)) | H40: =IF(B40>0,VLOOKUP($C40,$A$6:$D$15,2),"") | M40: =IF(AND(P40<>0,L$66>=($K$1*($K$1-1)/2)),RANK(P40,P$21:P$65),"") | N40: =IF(M40<4,OFFSET($B$123,$B40,$C40),"") | O40: =IF(AND(L40<>"",K40<>""),L40^(IF(K40="a",1,-1)),1) -> 1 | P40: =IF(AND($M$17>=$K$17,$A40>0),OFFSET($B$101,$B40,$C40),0) -> 0
... A65: =IF(AND(B65<=$K$1,C65<=$K$1),B65*10+C65,0) -> 0 | B65: 9 | C65: 10 | D65: =IF(OR(B65=B64,A65=0),"",VLOOKUP($B65,$A$6:$D$15,2)) | H65: =IF(B65>0,VLOOKUP($C65,$A$6:$D$15,2),"") | M65: =IF(AND(P65<>0,L$66>=($K$1*($K$1-1)/2)),RANK(P65,P$21:P$65),"") | N65: =IF(M65<4,OFFSET($B$123,$B65,$C65),"") | O65: =IF(AND(L65<>"",K65<>""),L65^(IF(K65="a",1,-1)),1) -> 1 | P65: =IF(AND($M$17>=$K$17,$A65>0),OFFSET($B$101,$B65,$C65),0) -> 0
K66: =COUNT(K21:K65) -> 0 | L66: =COUNT(L21:L65) -> 3
A67: Intensity of importance | D67: Definition | G67: Explanation
A68: 1 | D68: Equal importance | G68: Two elements contribute equally to the objective
A69: 3 | D69: Moderate importance | G69: Experience and judgment slightly favor one element over another
A70: 5 | D70: Strong Importance | G70: Experience and judgment strongly favor one element over another
A71: 7 | D71: Very strong importance | G71: One element is favored very strongly over another, it dominance is demonstrated in practice
A72: 9 | D72: Extreme importance | G72: The evidence favoring one element over another is of the highest possible order of affirmation
A73: 2,4,6,8 can be used to express intermediate values
A75: Supporting calculations
B76: Decision Matrix A | G76: participant | H76: =O1 -> 1
C77: {=TRANSPOSE(B6:B15)} -> Conventional Cashier | D77: Self-Checkout | E77: Unmanned Shop
C78: 1 | D78: 2 | E78: 3 | F78: 4 | G78: 5 | H78: 6 | I78: 7 | J78: 8 | K78: 9 | L78: 10 | P78: Error calc | Q78: 1 | R78: 2 | S78: 3 | T78: 4 | U78: 5 | V78: 6 | W78: 7 | X78: 8 | Y78: 9 | Z78: 10
B79: 1 | C79: 1 | D79: =IF(ISNA(VLOOKUP(($B79*10+D$78),$A$21:$O$65,15,0)),0,VLOOKUP(($B79*10+D$78),$A$21:$O$65,15,0)) -> 3 | E79: =IF(ISNA(VLOOKUP(($B79*10+E$78),$A$21:$O$65,15,0)),0,VLOOKUP(($B79*10+E$78),$A$21:$O$65,15,0)) -> 1 | F79: =IF(ISNA(VLOOKUP(($B79*10+F$78),$A$21:$O$65,15,0)),0,VLOOKUP(($B79*10+F$78),$A$21:$O$65,15,0)) -> 0 | G79: =IF(ISNA(VLOOKUP(($B79*10+G$78),$A$21:$O$65,15,0)),0,VLOOKUP(($B79*10+G$78),$A$21:$O$65,15,0)) -> 0 | H79: =IF(ISNA(VLOOKUP(($B79*10+H$78),$A$21:$O$65,15,0)),0,VLOOKUP(($B79*10+H$78),$A$21:$O$65,15,0)) -> 0 | I79: =IF(ISNA(VLOOKUP(($B79*10+I$78),$A$21:$O$65,15,0)),0,VLOOKUP(($B79*10+I$78),$A$21:$O$65,15,0)) -> 0 | J79: =IF(ISNA(VLOOKUP(($B79*10+J$78),$A$21:$O$65,15,0)),0,VLOOKUP(($B79*10+J$78),$A$21:$O$65,15,0)) -> 0 | K79: =IF(ISNA(VLOOKUP(($B79*10+K$78),$A$21:$O$65,15,0)),0,VLOOKUP(($B79*10+K$78),$A$21:$O$65,15,0)) -> 0 | L79: =IF(ISNA(VLOOKUP(($B79*10+L$78),$A$21:$O$65,15,0)),0,VLOOKUP(($B79*10+L$78),$A$21:$O$65,15,0)) -> 0 | P79: =SQRT(SUM(Q79:Z79)/($K$1-1)) -> 3.1401849e-16 | Q79: =IF(OR($B79>$K$1,Q$78>$K$1),0,LN(INDEX($C$79:$L$88,$B79,Q$78)*INDEX($N$91:$N$100,Q$78)/INDEX($N$91:$N$100,$B79))^2) -> 0 | R79: =IF(OR($B79>$K$1,R$78>$K$1),0,LN(INDEX($C$79:$L$88,$B79,R$78)*INDEX($N$91:$N$100,R$78)/INDEX($N$91:$N$100,$B79))^2) -> 1.9721523e-31 | S79: =IF(OR($B79>$K$1,S$78>$K$1),0,LN(INDEX($C$79:$L$88,$B79,S$78)*INDEX($N$91:$N$100,S$78)/INDEX($N$91:$N$100,$B79))^2) -> 0 | T79: =IF(OR($B79>$K$1,T$78>$K$1),0,LN(INDEX($C$79:$L$88,$B79,T$78)*INDEX($N$91:$N$100,T$78)/INDEX($N$91:$N$100,$B79))^2) -> 0 | U79: =IF(OR($B79>$K$1,U$78>$K$1),0,LN(INDEX($C$79:$L$88,$B79,U$78)*INDEX($N$91:$N$100,U$78)/INDEX($N$91:$N$100,$B79))^2) -> 0 | V79: =IF(OR($B79>$K$1,V$78>$K$1),0,LN(INDEX($C$79:$L$88,$B79,V$78)*INDEX($N$91:$N$100,V$78)/INDEX($N$91:$N$100,$B79))^2) -> 0 | W79: =IF(OR($B79>$K$1,W$78>$K$1),0,LN(INDEX($C$79:$L$88,$B79,W$78)*INDEX($N$91:$N$100,W$78)/INDEX($N$91:$N$100,$B79))^2) -> 0 | X79: =IF(OR($B79>$K$1,X$78>$K$1),0,LN(INDEX($C$79:$L$88,$B79,X$78)*INDEX($N$91:$N$100,X$78)/INDEX($N$91:$N$100,$B79))^2) -> 0 | ... Z79: =IF(OR($B79>$K$1,Z$78>$K$1),0,LN(INDEX($C$79:$L$88,$B79,Z$78)*INDEX($N$91:$N$100,Z$78)/INDEX($N$91:$N$100,$B79))^2) -> 0
B80: 2 | C80: =IF(ISNA(VLOOKUP((10*C$78+$B80),$A$21:$O$65,15,0)),0,1/VLOOKUP((10*C$78+$B80),$A$21:$O$65,15,0)) -> 0.33333333 | D80: 1 | E80: =IF(ISNA(VLOOKUP(($B80*10+E$78),$A$21:$O$65,15,0)),0,VLOOKUP(($B80*10+E$78),$A$21:$O$65,15,0)) -> 0.33333333 | F80: =IF(ISNA(VLOOKUP(($B80*10+F$78),$A$21:$O$65,15,0)),0,VLOOKUP(($B80*10+F$78),$A$21:$O$65,15,0)) -> 0 | G80: =IF(ISNA(VLOOKUP(($B80*10+G$78),$A$21:$O$65,15,0)),0,VLOOKUP(($B80*10+G$78),$A$21:$O$65,15,0)) -> 0 | H80: =IF(ISNA(VLOOKUP(($B80*10+H$78),$A$21:$O$65,15,0)),0,VLOOKUP(($B80*10+H$78),$A$21:$O$65,15,0)) -> 0 | I80: =IF(ISNA(VLOOKUP(($B80*10+I$78),$A$21:$O$65,15,0)),0,VLOOKUP(($B80*10+I$78),$A$21:$O$65,15,0)) -> 0 | J80: =IF(ISNA(VLOOKUP(($B80*10+J$78),$A$21:$O$65,15,0)),0,VLOOKUP(($B80*10+J$78),$A$21:$O$65,15,0)) -> 0 | K80: =IF(ISNA(VLOOKUP(($B80*10+K$78),$A$21:$O$65,15,0)),0,VLOOKUP(($B80*10+K$78),$A$21:$O$65,15,0)) -> 0 | L80: =IF(ISNA(VLOOKUP(($B80*10+L$78),$A$21:$O$65,15,0)),0,VLOOKUP(($B80*10+L$78),$A$21:$O$65,15,0)) -> 0 | P80: =SQRT(SUM(Q80:Z80)/($K$1-1)) -> 2.220446e-16 | Q80: =IF(OR($B80>$K$1,Q$78>$K$1),0,LN(INDEX($C$79:$L$88,$B80,Q$78)*INDEX($N$91:$N$100,Q$78)/INDEX($N$91:$N$100,$B80))^2) -> 4.9303807e-32 | R80: =IF(OR($B80>$K$1,R$78>$K$1),0,LN(INDEX($C$79:$L$88,$B80,R$78)*INDEX($N$91:$N$100,R$78)/INDEX($N$91:$N$100,$B80))^2) -> 0 | S80: =IF(OR($B80>$K$1,S$78>$K$1),0,LN(INDEX($C$79:$L$88,$B80,S$78)*INDEX($N$91:$N$100,S$78)/INDEX($N$91:$N$100,$B80))^2) -> 4.9303807e-32 | T80: =IF(OR($B80>$K$1,T$78>$K$1),0,LN(INDEX($C$79:$L$88,$B80,T$78)*INDEX($N$91:$N$100,T$78)/INDEX($N$91:$N$100,$B80))^2) -> 0 | U80: =IF(OR($B80>$K$1,U$78>$K$1),0,LN(INDEX($C$79:$L$88,$B80,U$78)*INDEX($N$91:$N$100,U$78)/INDEX($N$91:$N$100,$B80))^2) -> 0 | V80: =IF(OR($B80>$K$1,V$78>$K$1),0,LN(INDEX($C$79:$L$88,$B80,V$78)*INDEX($N$91:$N$100,V$78)/INDEX($N$91:$N$100,$B80))^2) -> 0 | W80: =IF(OR($B80>$K$1,W$78>$K$1),0,LN(INDEX($C$79:$L$88,$B80,W$78)*INDEX($N$91:$N$100,W$78)/INDEX($N$91:$N$100,$B80))^2) -> 0 | X80: =IF(OR($B80>$K$1,X$78>$K$1),0,LN(INDEX($C$79:$L$88,$B80,X$78)*INDEX($N$91:$N$100,X$78)/INDEX($N$91:$N$100,$B80))^2) -> 0 | ... Z80: =IF(OR($B80>$K$1,Z$78>$K$1),0,LN(INDEX($C$79:$L$88,$B80,Z$78)*INDEX($N$91:$N$100,Z$78)/INDEX($N$91:$N$100,$B80))^2) -> 0
B81: 3 | C81: =IF(ISNA(VLOOKUP((10*C$78+$B81),$A$21:$O$65,15,0)),0,1/VLOOKUP((10*C$78+$B81),$A$21:$O$65,15,0)) -> 1 | D81: =IF(ISNA(VLOOKUP((10*D$78+$B81),$A$21:$O$65,15,0)),0,1/VLOOKUP((10*D$78+$B81),$A$21:$O$65,15,0)) -> 3 | E81: 1 | F81: =IF(ISNA(VLOOKUP(($B81*10+F$78),$A$21:$O$65,15,0)),0,VLOOKUP(($B81*10+F$78),$A$21:$O$65,15,0)) -> 0 | G81: =IF(ISNA(VLOOKUP(($B81*10+G$78),$A$21:$O$65,15,0)),0,VLOOKUP(($B81*10+G$78),$A$21:$O$65,15,0)) -> 0 | H81: =IF(ISNA(VLOOKUP(($B81*10+H$78),$A$21:$O$65,15,0)),0,VLOOKUP(($B81*10+H$78),$A$21:$O$65,15,0)) -> 0 | I81: =IF(ISNA(VLOOKUP(($B81*10+I$78),$A$21:$O$65,15,0)),0,VLOOKUP(($B81*10+I$78),$A$21:$O$65,15,0)) -> 0 | J81: =IF(ISNA(VLOOKUP(($B81*10+J$78),$A$21:$O$65,15,0)),0,VLOOKUP(($B81*10+J$78),$A$21:$O$65,15,0)) -> 0 | K81: =IF(ISNA(VLOOKUP(($B81*10+K$78),$A$21:$O$65,15,0)),0,VLOOKUP(($B81*10+K$78),$A$21:$O$65,15,0)) -> 0 | L81: =IF(ISNA(VLOOKUP(($B81*10+L$78),$A$21:$O$65,15,0)),0,VLOOKUP(($B81*10+L$78),$A$21:$O$65,15,0)) -> 0 | P81: =SQRT(SUM(Q81:Z81)/($K$1-1)) -> 3.1401849e-16 | Q81: =IF(OR($B81>$K$1,Q$78>$K$1),0,LN(INDEX($C$79:$L$88,$B81,Q$78)*INDEX($N$91:$N$100,Q$78)/INDEX($N$91:$N$100,$B81))^2) -> 0 | R81: =IF(OR($B81>$K$1,R$78>$K$1),0,LN(INDEX($C$79:$L$88,$B81,R$78)*INDEX($N$91:$N$100,R$78)/INDEX($N$91:$N$100,$B81))^2) -> 1.9721523e-31 | S81: =IF(OR($B81>$K$1,S$78>$K$1),0,LN(INDEX($C$79:$L$88,$B81,S$78)*INDEX($N$91:$N$100,S$78)/INDEX($N$91:$N$100,$B81))^2) -> 0 | T81: =IF(OR($B81>$K$1,T$78>$K$1),0,LN(INDEX($C$79:$L$88,$B81,T$78)*INDEX($N$91:$N$100,T$78)/INDEX($N$91:$N$100,$B81))^2) -> 0 | U81: =IF(OR($B81>$K$1,U$78>$K$1),0,LN(INDEX($C$79:$L$88,$B81,U$78)*INDEX($N$91:$N$100,U$78)/INDEX($N$91:$N$100,$B81))^2) -> 0 | V81: =IF(OR($B81>$K$1,V$78>$K$1),0,LN(INDEX($C$79:$L$88,$B81,V$78)*INDEX($N$91:$N$100,V$78)/INDEX($N$91:$N$100,$B81))^2) -> 0 | W81: =IF(OR($B81>$K$1,W$78>$K$1),0,LN(INDEX($C$79:$L$88,$B81,W$78)*INDEX($N$91:$N$100,W$78)/INDEX($N$91:$N$100,$B81))^2) -> 0 | X81: =IF(OR($B81>$K$1,X$78>$K$1),0,LN(INDEX($C$79:$L$88,$B81,X$78)*INDEX($N$91:$N$100,X$78)/INDEX($N$91:$N$100,$B81))^2) -> 0 | ... Z81: =IF(OR($B81>$K$1,Z$78>$K$1),0,LN(INDEX($C$79:$L$88,$B81,Z$78)*INDEX($N$91:$N$100,Z$78)/INDEX($N$91:$N$100,$B81))^2) -> 0
B82: 4 | C82: =IF(ISNA(VLOOKUP((10*C$78+$B82),$A$21:$O$65,15,0)),0,1/VLOOKUP((10*C$78+$B82),$A$21:$O$65,15,0)) -> 0 | D82: =IF(ISNA(VLOOKUP((10*D$78+$B82),$A$21:$O$65,15,0)),0,1/VLOOKUP((10*D$78+$B82),$A$21:$O$65,15,0)) -> 0 | E82: =IF(ISNA(VLOOKUP((10*E$78+$B82),$A$21:$O$65,15,0)),0,1/VLOOKUP((10*E$78+$B82),$A$21:$O$65,15,0)) -> 0 | F82: 1 | G82: =IF(ISNA(VLOOKUP(($B82*10+G$78),$A$21:$O$65,15,0)),0,VLOOKUP(($B82*10+G$78),$A$21:$O$65,15,0)) -> 0 | H82: =IF(ISNA(VLOOKUP(($B82*10+H$78),$A$21:$O$65,15,0)),0,VLOOKUP(($B82*10+H$78),$A$21:$O$65,15,0)) -> 0 | I82: =IF(ISNA(VLOOKUP(($B82*10+I$78),$A$21:$O$65,15,0)),0,VLOOKUP(($B82*10+I$78),$A$21:$O$65,15,0)) -> 0 | J82: =IF(ISNA(VLOOKUP(($B82*10+J$78),$A$21:$O$65,15,0)),0,VLOOKUP(($B82*10+J$78),$A$21:$O$65,15,0)) -> 0 | K82: =IF(ISNA(VLOOKUP(($B82*10+K$78),$A$21:$O$65,15,0)),0,VLOOKUP(($B82*10+K$78),$A$21:$O$65,15,0)) -> 0 | L82: =IF(ISNA(VLOOKUP(($B82*10+L$78),$A$21:$O$65,15,0)),0,VLOOKUP(($B82*10+L$78),$A$21:$O$65,15,0)) -> 0 | P82: =SQRT(SUM(Q82:Z82)/($K$1-1)) -> 0 | Q82: =IF(OR($B82>$K$1,Q$78>$K$1),0,LN(INDEX($C$79:$L$88,$B82,Q$78)*INDEX($N$91:$N$100,Q$78)/INDEX($N$91:$N$100,$B82))^2) -> 0 | R82: =IF(OR($B82>$K$1,R$78>$K$1),0,LN(INDEX($C$79:$L$88,$B82,R$78)*INDEX($N$91:$N$100,R$78)/INDEX($N$91:$N$100,$B82))^2) -> 0 | S82: =IF(OR($B82>$K$1,S$78>$K$1),0,LN(INDEX($C$79:$L$88,$B82,S$78)*INDEX($N$91:$N$100,S$78)/INDEX($N$91:$N$100,$B82))^2) -> 0 | T82: =IF(OR($B82>$K$1,T$78>$K$1),0,LN(INDEX($C$79:$L$88,$B82,T$78)*INDEX($N$91:$N$100,T$78)/INDEX($N$91:$N$100,$B82))^2) -> 0 | U82: =IF(OR($B82>$K$1,U$78>$K$1),0,LN(INDEX($C$79:$L$88,$B82,U$78)*INDEX($N$91:$N$100,U$78)/INDEX($N$91:$N$100,$B82))^2) -> 0 | V82: =IF(OR($B82>$K$1,V$78>$K$1),0,LN(INDEX($C$79:$L$88,$B82,V$78)*INDEX($N$91:$N$100,V$78)/INDEX($N$91:$N$100,$B82))^2) -> 0 | W82: =IF(OR($B82>$K$1,W$78>$K$1),0,LN(INDEX($C$79:$L$88,$B82,W$78)*INDEX($N$91:$N$100,W$78)/INDEX($N$91:$N$100,$B82))^2) -> 0 | X82: =IF(OR($B82>$K$1,X$78>$K$1),0,LN(INDEX($C$79:$L$88,$B82,X$78)*INDEX($N$91:$N$100,X$78)/INDEX($N$91:$N$100,$B82))^2) -> 0 | ... Z82: =IF(OR($B82>$K$1,Z$78>$K$1),0,LN(INDEX($C$79:$L$88,$B82,Z$78)*INDEX($N$91:$N$100,Z$78)/INDEX($N$91:$N$100,$B82))^2) -> 0
B83: 5 | C83: =IF(ISNA(VLOOKUP((10*C$78+$B83),$A$21:$O$65,15,0)),0,1/VLOOKUP((10*C$78+$B83),$A$21:$O$65,15,0)) -> 0 | D83: =IF(ISNA(VLOOKUP((10*D$78+$B83),$A$21:$O$65,15,0)),0,1/VLOOKUP((10*D$78+$B83),$A$21:$O$65,15,0)) -> 0 | E83: =IF(ISNA(VLOOKUP((10*E$78+$B83),$A$21:$O$65,15,0)),0,1/VLOOKUP((10*E$78+$B83),$A$21:$O$65,15,0)) -> 0 | F83: =IF(ISNA(VLOOKUP((10*F$78+$B83),$A$21:$O$65,15,0)),0,1/VLOOKUP((10*F$78+$B83),$A$21:$O$65,15,0)) -> 0 | G83: 1 | H83: =IF(ISNA(VLOOKUP(($B83*10+H$78),$A$21:$O$65,15,0)),0,VLOOKUP(($B83*10+H$78),$A$21:$O$65,15,0)) -> 0 | I83: =IF(ISNA(VLOOKUP(($B83*10+I$78),$A$21:$O$65,15,0)),0,VLOOKUP(($B83*10+I$78),$A$21:$O$65,15,0)) -> 0 | J83: =IF(ISNA(VLOOKUP(($B83*10+J$78),$A$21:$O$65,15,0)),0,VLOOKUP(($B83*10+J$78),$A$21:$O$65,15,0)) -> 0 | K83: =IF(ISNA(VLOOKUP(($B83*10+K$78),$A$21:$O$65,15,0)),0,VLOOKUP(($B83*10+K$78),$A$21:$O$65,15,0)) -> 0 | L83: =IF(ISNA(VLOOKUP(($B83*10+L$78),$A$21:$O$65,15,0)),0,VLOOKUP(($B83*10+L$78),$A$21:$O$65,15,0)) -> 0 | P83: =SQRT(SUM(Q83:Z83)/($K$1-1)) -> 0 | Q83: =IF(OR($B83>$K$1,Q$78>$K$1),0,LN(INDEX($C$79:$L$88,$B83,Q$78)*INDEX($N$91:$N$100,Q$78)/INDEX($N$91:$N$100,$B83))^2) -> 0 | R83: =IF(OR($B83>$K$1,R$78>$K$1),0,LN(INDEX($C$79:$L$88,$B83,R$78)*INDEX($N$91:$N$100,R$78)/INDEX($N$91:$N$100,$B83))^2) -> 0 | S83: =IF(OR($B83>$K$1,S$78>$K$1),0,LN(INDEX($C$79:$L$88,$B83,S$78)*INDEX($N$91:$N$100,S$78)/INDEX($N$91:$N$100,$B83))^2) -> 0 | T83: =IF(OR($B83>$K$1,T$78>$K$1),0,LN(INDEX($C$79:$L$88,$B83,T$78)*INDEX($N$91:$N$100,T$78)/INDEX($N$91:$N$100,$B83))^2) -> 0 | U83: =IF(OR($B83>$K$1,U$78>$K$1),0,LN(INDEX($C$79:$L$88,$B83,U$78)*INDEX($N$91:$N$100,U$78)/INDEX($N$91:$N$100,$B83))^2) -> 0 | V83: =IF(OR($B83>$K$1,V$78>$K$1),0,LN(INDEX($C$79:$L$88,$B83,V$78)*INDEX($N$91:$N$100,V$78)/INDEX($N$91:$N$100,$B83))^2) -> 0 | W83: =IF(OR($B83>$K$1,W$78>$K$1),0,LN(INDEX($C$79:$L$88,$B83,W$78)*INDEX($N$91:$N$100,W$78)/INDEX($N$91:$N$100,$B83))^2) -> 0 | X83: =IF(OR($B83>$K$1,X$78>$K$1),0,LN(INDEX($C$79:$L$88,$B83,X$78)*INDEX($N$91:$N$100,X$78)/INDEX($N$91:$N$100,$B83))^2) -> 0 | ... Z83: =IF(OR($B83>$K$1,Z$78>$K$1),0,LN(INDEX($C$79:$L$88,$B83,Z$78)*INDEX($N$91:$N$100,Z$78)/INDEX($N$91:$N$100,$B83))^2) -> 0
B84: 6 | C84: =IF(ISNA(VLOOKUP((10*C$78+$B84),$A$21:$O$65,15,0)),0,1/VLOOKUP((10*C$78+$B84),$A$21:$O$65,15,0)) -> 0 | D84: =IF(ISNA(VLOOKUP((10*D$78+$B84),$A$21:$O$65,15,0)),0,1/VLOOKUP((10*D$78+$B84),$A$21:$O$65,15,0)) -> 0 | E84: =IF(ISNA(VLOOKUP((10*E$78+$B84),$A$21:$O$65,15,0)),0,1/VLOOKUP((10*E$78+$B84),$A$21:$O$65,15,0)) -> 0 | F84: =IF(ISNA(VLOOKUP((10*F$78+$B84),$A$21:$O$65,15,0)),0,1/VLOOKUP((10*F$78+$B84),$A$21:$O$65,15,0)) -> 0 | G84: =IF(ISNA(VLOOKUP((10*G$78+$B84),$A$21:$O$65,15,0)),0,1/VLOOKUP((10*G$78+$B84),$A$21:$O$65,15,0)) -> 0 | H84: 1 | I84: =IF(ISNA(VLOOKUP(($B84*10+I$78),$A$21:$O$65,15,0)),0,VLOOKUP(($B84*10+I$78),$A$21:$O$65,15,0)) -> 0 | J84: =IF(ISNA(VLOOKUP(($B84*10+J$78),$A$21:$O$65,15,0)),0,VLOOKUP(($B84*10+J$78),$A$21:$O$65,15,0)) -> 0 | K84: =IF(ISNA(VLOOKUP(($B84*10+K$78),$A$21:$O$65,15,0)),0,VLOOKUP(($B84*10+K$78),$A$21:$O$65,15,0)) -> 0 | L84: =IF(ISNA(VLOOKUP(($B84*10+L$78),$A$21:$O$65,15,0)),0,VLOOKUP(($B84*10+L$78),$A$21:$O$65,15,0)) -> 0 | P84: =SQRT(SUM(Q84:Z84)/($K$1-1)) -> 0 | Q84: =IF(OR($B84>$K$1,Q$78>$K$1),0,LN(INDEX($C$79:$L$88,$B84,Q$78)*INDEX($N$91:$N$100,Q$78)/INDEX($N$91:$N$100,$B84))^2) -> 0 | R84: =IF(OR($B84>$K$1,R$78>$K$1),0,LN(INDEX($C$79:$L$88,$B84,R$78)*INDEX($N$91:$N$100,R$78)/INDEX($N$91:$N$100,$B84))^2) -> 0 | S84: =IF(OR($B84>$K$1,S$78>$K$1),0,LN(INDEX($C$79:$L$88,$B84,S$78)*INDEX($N$91:$N$100,S$78)/INDEX($N$91:$N$100,$B84))^2) -> 0 | T84: =IF(OR($B84>$K$1,T$78>$K$1),0,LN(INDEX($C$79:$L$88,$B84,T$78)*INDEX($N$91:$N$100,T$78)/INDEX($N$91:$N$100,$B84))^2) -> 0 | U84: =IF(OR($B84>$K$1,U$78>$K$1),0,LN(INDEX($C$79:$L$88,$B84,U$78)*INDEX($N$91:$N$100,U$78)/INDEX($N$91:$N$100,$B84))^2) -> 0 | V84: =IF(OR($B84>$K$1,V$78>$K$1),0,LN(INDEX($C$79:$L$88,$B84,V$78)*INDEX($N$91:$N$100,V$78)/INDEX($N$91:$N$100,$B84))^2) -> 0 | W84: =IF(OR($B84>$K$1,W$78>$K$1),0,LN(INDEX($C$79:$L$88,$B84,W$78)*INDEX($N$91:$N$100,W$78)/INDEX($N$91:$N$100,$B84))^2) -> 0 | X84: =IF(OR($B84>$K$1,X$78>$K$1),0,LN(INDEX($C$79:$L$88,$B84,X$78)*INDEX($N$91:$N$100,X$78)/INDEX($N$91:$N$100,$B84))^2) -> 0 | ... Z84: =IF(OR($B84>$K$1,Z$78>$K$1),0,LN(INDEX($C$79:$L$88,$B84,Z$78)*INDEX($N$91:$N$100,Z$78)/INDEX($N$91:$N$100,$B84))^2) -> 0
B85: 7 | C85: =IF(ISNA(VLOOKUP((10*C$78+$B85),$A$21:$O$65,15,0)),0,1/VLOOKUP((10*C$78+$B85),$A$21:$O$65,15,0)) -> 0 | D85: =IF(ISNA(VLOOKUP((10*D$78+$B85),$A$21:$O$65,15,0)),0,1/VLOOKUP((10*D$78+$B85),$A$21:$O$65,15,0)) -> 0 | E85: =IF(ISNA(VLOOKUP((10*E$78+$B85),$A$21:$O$65,15,0)),0,1/VLOOKUP((10*E$78+$B85),$A$21:$O$65,15,0)) -> 0 | F85: =IF(ISNA(VLOOKUP((10*F$78+$B85),$A$21:$O$65,15,0)),0,1/VLOOKUP((10*F$78+$B85),$A$21:$O$65,15,0)) -> 0 | G85: =IF(ISNA(VLOOKUP((10*G$78+$B85),$A$21:$O$65,15,0)),0,1/VLOOKUP((10*G$78+$B85),$A$21:$O$65,15,0)) -> 0 | H85: =IF(ISNA(VLOOKUP((10*H$78+$B85),$A$21:$O$65,15,0)),0,1/VLOOKUP((10*H$78+$B85),$A$21:$O$65,15,0)) -> 0 | I85: 1 | J85: =IF(ISNA(VLOOKUP(($B85*10+J$78),$A$21:$O$65,15,0)),0,VLOOKUP(($B85*10+J$78),$A$21:$O$65,15,0)) -> 0 | K85: =IF(ISNA(VLOOKUP(($B85*10+K$78),$A$21:$O$65,15,0)),0,VLOOKUP(($B85*10+K$78),$A$21:$O$65,15,0)) -> 0 | L85: =IF(ISNA(VLOOKUP(($B85*10+L$78),$A$21:$O$65,15,0)),0,VLOOKUP(($B85*10+L$78),$A$21:$O$65,15,0)) -> 0 | P85: =SQRT(SUM(Q85:Z85)/($K$1-1)) -> 0 | Q85: =IF(OR($B85>$K$1,Q$78>$K$1),0,LN(INDEX($C$79:$L$88,$B85,Q$78)*INDEX($N$91:$N$100,Q$78)/INDEX($N$91:$N$100,$B85))^2) -> 0 | R85: =IF(OR($B85>$K$1,R$78>$K$1),0,LN(INDEX($C$79:$L$88,$B85,R$78)*INDEX($N$91:$N$100,R$78)/INDEX($N$91:$N$100,$B85))^2) -> 0 | S85: =IF(OR($B85>$K$1,S$78>$K$1),0,LN(INDEX($C$79:$L$88,$B85,S$78)*INDEX($N$91:$N$100,S$78)/INDEX($N$91:$N$100,$B85))^2) -> 0 | T85: =IF(OR($B85>$K$1,T$78>$K$1),0,LN(INDEX($C$79:$L$88,$B85,T$78)*INDEX($N$91:$N$100,T$78)/INDEX($N$91:$N$100,$B85))^2) -> 0 | U85: =IF(OR($B85>$K$1,U$78>$K$1),0,LN(INDEX($C$79:$L$88,$B85,U$78)*INDEX($N$91:$N$100,U$78)/INDEX($N$91:$N$100,$B85))^2) -> 0 | V85: =IF(OR($B85>$K$1,V$78>$K$1),0,LN(INDEX($C$79:$L$88,$B85,V$78)*INDEX($N$91:$N$100,V$78)/INDEX($N$91:$N$100,$B85))^2) -> 0 | W85: =IF(OR($B85>$K$1,W$78>$K$1),0,LN(INDEX($C$79:$L$88,$B85,W$78)*INDEX($N$91:$N$100,W$78)/INDEX($N$91:$N$100,$B85))^2) -> 0 | X85: =IF(OR($B85>$K$1,X$78>$K$1),0,LN(INDEX($C$79:$L$88,$B85,X$78)*INDEX($N$91:$N$100,X$78)/INDEX($N$91:$N$100,$B85))^2) -> 0 | ... Z85: =IF(OR($B85>$K$1,Z$78>$K$1),0,LN(INDEX($C$79:$L$88,$B85,Z$78)*INDEX($N$91:$N$100,Z$78)/INDEX($N$91:$N$100,$B85))^2) -> 0
B86: 8 | C86: =IF(ISNA(VLOOKUP((10*C$78+$B86),$A$21:$O$65,15,0)),0,1/VLOOKUP((10*C$78+$B86),$A$21:$O$65,15,0)) -> 0 | D86: =IF(ISNA(VLOOKUP((10*D$78+$B86),$A$21:$O$65,15,0)),0,1/VLOOKUP((10*D$78+$B86),$A$21:$O$65,15,0)) -> 0 | E86: =IF(ISNA(VLOOKUP((10*E$78+$B86),$A$21:$O$65,15,0)),0,1/VLOOKUP((10*E$78+$B86),$A$21:$O$65,15,0)) -> 0 | F86: =IF(ISNA(VLOOKUP((10*F$78+$B86),$A$21:$O$65,15,0)),0,1/VLOOKUP((10*F$78+$B86),$A$21:$O$65,15,0)) -> 0 | G86: =IF(ISNA(VLOOKUP((10*G$78+$B86),$A$21:$O$65,15,0)),0,1/VLOOKUP((10*G$78+$B86),$A$21:$O$65,15,0)) -> 0 | H86: =IF(ISNA(VLOOKUP((10*H$78+$B86),$A$21:$O$65,15,0)),0,1/VLOOKUP((10*H$78+$B86),$A$21:$O$65,15,0)) -> 0 | I86: =IF(ISNA(VLOOKUP((10*I$78+$B86),$A$21:$O$65,15,0)),0,1/VLOOKUP((10*I$78+$B86),$A$21:$O$65,15,0)) -> 0 | J86: 1 | K86: =IF(ISNA(VLOOKUP(($B86*10+K$78),$A$21:$O$65,15,0)),0,VLOOKUP(($B86*10+K$78),$A$21:$O$65,15,0)) -> 0 | L86: =IF(ISNA(VLOOKUP(($B86*10+L$78),$A$21:$O$65,15,0)),0,VLOOKUP(($B86*10+L$78),$A$21:$O$65,15,0)) -> 0 | P86: =SQRT(SUM(Q86:Z86)/($K$1-1)) -> 0 | Q86: =IF(OR($B86>$K$1,Q$78>$K$1),0,LN(INDEX($C$79:$L$88,$B86,Q$78)*INDEX($N$91:$N$100,Q$78)/INDEX($N$91:$N$100,$B86))^2) -> 0 | R86: =IF(OR($B86>$K$1,R$78>$K$1),0,LN(INDEX($C$79:$L$88,$B86,R$78)*INDEX($N$91:$N$100,R$78)/INDEX($N$91:$N$100,$B86))^2) -> 0 | S86: =IF(OR($B86>$K$1,S$78>$K$1),0,LN(INDEX($C$79:$L$88,$B86,S$78)*INDEX($N$91:$N$100,S$78)/INDEX($N$91:$N$100,$B86))^2) -> 0 | T86: =IF(OR($B86>$K$1,T$78>$K$1),0,LN(INDEX($C$79:$L$88,$B86,T$78)*INDEX($N$91:$N$100,T$78)/INDEX($N$91:$N$100,$B86))^2) -> 0 | U86: =IF(OR($B86>$K$1,U$78>$K$1),0,LN(INDEX($C$79:$L$88,$B86,U$78)*INDEX($N$91:$N$100,U$78)/INDEX($N$91:$N$100,$B86))^2) -> 0 | V86: =IF(OR($B86>$K$1,V$78>$K$1),0,LN(INDEX($C$79:$L$88,$B86,V$78)*INDEX($N$91:$N$100,V$78)/INDEX($N$91:$N$100,$B86))^2) -> 0 | W86: =IF(OR($B86>$K$1,W$78>$K$1),0,LN(INDEX($C$79:$L$88,$B86,W$78)*INDEX($N$91:$N$100,W$78)/INDEX($N$91:$N$100,$B86))^2) -> 0 | X86: =IF(OR($B86>$K$1,X$78>$K$1),0,LN(INDEX($C$79:$L$88,$B86,X$78)*INDEX($N$91:$N$100,X$78)/INDEX($N$91:$N$100,$B86))^2) -> 0 | ... Z86: =IF(OR($B86>$K$1,Z$78>$K$1),0,LN(INDEX($C$79:$L$88,$B86,Z$78)*INDEX($N$91:$N$100,Z$78)/INDEX($N$91:$N$100,$B86))^2) -> 0
B87: 9 | C87: =IF(ISNA(VLOOKUP((10*C$78+$B87),$A$21:$O$65,15,0)),0,1/VLOOKUP((10*C$78+$B87),$A$21:$O$65,15,0)) -> 0 | D87: =IF(ISNA(VLOOKUP((10*D$78+$B87),$A$21:$O$65,15,0)),0,1/VLOOKUP((10*D$78+$B87),$A$21:$O$65,15,0)) -> 0 | E87: =IF(ISNA(VLOOKUP((10*E$78+$B87),$A$21:$O$65,15,0)),0,1/VLOOKUP((10*E$78+$B87),$A$21:$O$65,15,0)) -> 0 | F87: =IF(ISNA(VLOOKUP((10*F$78+$B87),$A$21:$O$65,15,0)),0,1/VLOOKUP((10*F$78+$B87),$A$21:$O$65,15,0)) -> 0 | G87: =IF(ISNA(VLOOKUP((10*G$78+$B87),$A$21:$O$65,15,0)),0,1/VLOOKUP((10*G$78+$B87),$A$21:$O$65,15,0)) -> 0 | H87: =IF(ISNA(VLOOKUP((10*H$78+$B87),$A$21:$O$65,15,0)),0,1/VLOOKUP((10*H$78+$B87),$A$21:$O$65,15,0)) -> 0 | I87: =IF(ISNA(VLOOKUP((10*I$78+$B87),$A$21:$O$65,15,0)),0,1/VLOOKUP((10*I$78+$B87),$A$21:$O$65,15,0)) -> 0 | J87: =IF(ISNA(VLOOKUP((10*J$78+$B87),$A$21:$O$65,15,0)),0,1/VLOOKUP((10*J$78+$B87),$A$21:$O$65,15,0)) -> 0 | K87: 1 | L87: =IF(ISNA(VLOOKUP(($B87*10+L$78),$A$21:$O$65,15,0)),0,VLOOKUP(($B87*10+L$78),$A$21:$O$65,15,0)) -> 0 | P87: =SQRT(SUM(Q87:Z87)/($K$1-1)) -> 0 | Q87: =IF(OR($B87>$K$1,Q$78>$K$1),0,LN(INDEX($C$79:$L$88,$B87,Q$78)*INDEX($N$91:$N$100,Q$78)/INDEX($N$91:$N$100,$B87))^2) -> 0 | R87: =IF(OR($B87>$K$1,R$78>$K$1),0,LN(INDEX($C$79:$L$88,$B87,R$78)*INDEX($N$91:$N$100,R$78)/INDEX($N$91:$N$100,$B87))^2) -> 0 | S87: =IF(OR($B87>$K$1,S$78>$K$1),0,LN(INDEX($C$79:$L$88,$B87,S$78)*INDEX($N$91:$N$100,S$78)/INDEX($N$91:$N$100,$B87))^2) -> 0 | T87: =IF(OR($B87>$K$1,T$78>$K$1),0,LN(INDEX($C$79:$L$88,$B87,T$78)*INDEX($N$91:$N$100,T$78)/INDEX($N$91:$N$100,$B87))^2) -> 0 | U87: =IF(OR($B87>$K$1,U$78>$K$1),0,LN(INDEX($C$79:$L$88,$B87,U$78)*INDEX($N$91:$N$100,U$78)/INDEX($N$91:$N$100,$B87))^2) -> 0 | V87: =IF(OR($B87>$K$1,V$78>$K$1),0,LN(INDEX($C$79:$L$88,$B87,V$78)*INDEX($N$91:$N$100,V$78)/INDEX($N$91:$N$100,$B87))^2) -> 0 | W87: =IF(OR($B87>$K$1,W$78>$K$1),0,LN(INDEX($C$79:$L$88,$B87,W$78)*INDEX($N$91:$N$100,W$78)/INDEX($N$91:$N$100,$B87))^2) -> 0 | X87: =IF(OR($B87>$K$1,X$78>$K$1),0,LN(INDEX($C$79:$L$88,$B87,X$78)*INDEX($N$91:$N$100,X$78)/INDEX($N$91:$N$100,$B87))^2) -> 0 | ... Z87: =IF(OR($B87>$K$1,Z$78>$K$1),0,LN(INDEX($C$79:$L$88,$B87,Z$78)*INDEX($N$91:$N$100,Z$78)/INDEX($N$91:$N$100,$B87))^2) -> 0
B88: 10 | C88: =IF(ISNA(VLOOKUP((10*C$78+$B88),$A$21:$O$65,15,0)),0,1/VLOOKUP((10*C$78+$B88),$A$21:$O$65,15,0)) -> 0 | D88: =IF(ISNA(VLOOKUP((10*D$78+$B88),$A$21:$O$65,15,0)),0,1/VLOOKUP((10*D$78+$B88),$A$21:$O$65,15,0)) -> 0 | E88: =IF(ISNA(VLOOKUP((10*E$78+$B88),$A$21:$O$65,15,0)),0,1/VLOOKUP((10*E$78+$B88),$A$21:$O$65,15,0)) -> 0 | F88: =IF(ISNA(VLOOKUP((10*F$78+$B88),$A$21:$O$65,15,0)),0,1/VLOOKUP((10*F$78+$B88),$A$21:$O$65,15,0)) -> 0 | G88: =IF(ISNA(VLOOKUP((10*G$78+$B88),$A$21:$O$65,15,0)),0,1/VLOOKUP((10*G$78+$B88),$A$21:$O$65,15,0)) -> 0 | H88: =IF(ISNA(VLOOKUP((10*H$78+$B88),$A$21:$O$65,15,0)),0,1/VLOOKUP((10*H$78+$B88),$A$21:$O$65,15,0)) -> 0 | I88: =IF(ISNA(VLOOKUP((10*I$78+$B88),$A$21:$O$65,15,0)),0,1/VLOOKUP((10*I$78+$B88),$A$21:$O$65,15,0)) -> 0 | J88: =IF(ISNA(VLOOKUP((10*J$78+$B88),$A$21:$O$65,15,0)),0,1/VLOOKUP((10*J$78+$B88),$A$21:$O$65,15,0)) -> 0 | K88: =IF(ISNA(VLOOKUP((10*K$78+$B88),$A$21:$O$65,15,0)),0,1/VLOOKUP((10*K$78+$B88),$A$21:$O$65,15,0)) -> 0 | L88: 1 | P88: =SQRT(SUM(Q88:Z88)/($K$1-1)) -> 0 | Q88: =IF(OR($B88>$K$1,Q$78>$K$1),0,LN(INDEX($C$79:$L$88,$B88,Q$78)*INDEX($N$91:$N$100,Q$78)/INDEX($N$91:$N$100,$B88))^2) -> 0 | R88: =IF(OR($B88>$K$1,R$78>$K$1),0,LN(INDEX($C$79:$L$88,$B88,R$78)*INDEX($N$91:$N$100,R$78)/INDEX($N$91:$N$100,$B88))^2) -> 0 | S88: =IF(OR($B88>$K$1,S$78>$K$1),0,LN(INDEX($C$79:$L$88,$B88,S$78)*INDEX($N$91:$N$100,S$78)/INDEX($N$91:$N$100,$B88))^2) -> 0 | T88: =IF(OR($B88>$K$1,T$78>$K$1),0,LN(INDEX($C$79:$L$88,$B88,T$78)*INDEX($N$91:$N$100,T$78)/INDEX($N$91:$N$100,$B88))^2) -> 0 | U88: =IF(OR($B88>$K$1,U$78>$K$1),0,LN(INDEX($C$79:$L$88,$B88,U$78)*INDEX($N$91:$N$100,U$78)/INDEX($N$91:$N$100,$B88))^2) -> 0 | V88: =IF(OR($B88>$K$1,V$78>$K$1),0,LN(INDEX($C$79:$L$88,$B88,V$78)*INDEX($N$91:$N$100,V$78)/INDEX($N$91:$N$100,$B88))^2) -> 0 | W88: =IF(OR($B88>$K$1,W$78>$K$1),0,LN(INDEX($C$79:$L$88,$B88,W$78)*INDEX($N$91:$N$100,W$78)/INDEX($N$91:$N$100,$B88))^2) -> 0 | X88: =IF(OR($B88>$K$1,X$78>$K$1),0,LN(INDEX($C$79:$L$88,$B88,X$78)*INDEX($N$91:$N$100,X$78)/INDEX($N$91:$N$100,$B88))^2) -> 0 | ... Z88: =IF(OR($B88>$K$1,Z$78>$K$1),0,LN(INDEX($C$79:$L$88,$B88,Z$78)*INDEX($N$91:$N$100,Z$78)/INDEX($N$91:$N$100,$B88))^2) -> 0
B89: col sum | C89: =SUM(C79:C88) -> 2.3333333 | D89: =SUM(D79:D88) -> 7 | E89: =SUM(E79:E88) -> 2.3333333 | F89: =SUM(F79:F88) -> 1 | G89: =SUM(G79:G88) -> 1 | H89: =SUM(H79:H88) -> 1 | I89: =SUM(I79:I88) -> 1 | J89: =SUM(J79:J88) -> 1 | ... L89: =SUM(L79:L88) -> 1 | P89: =SQRT(SUM(Q89:Z89)/($K$1-1)) -> 0 | Q89: =IF(OR($B89>$K$1,Q$78>$K$1),0,LN(INDEX($C$79:$L$88,$B89,Q$78)*INDEX($N$91:$N$100,Q$78)/INDEX($N$91:$N$100,$B89))^2) -> 0 | R89: =IF(OR($B89>$K$1,R$78>$K$1),0,LN(INDEX($C$79:$L$88,$B89,R$78)*INDEX($N$91:$N$100,R$78)/INDEX($N$91:$N$100,$B89))^2) -> 0 | S89: =IF(OR($B89>$K$1,S$78>$K$1),0,LN(INDEX($C$79:$L$88,$B89,S$78)*INDEX($N$91:$N$100,S$78)/INDEX($N$91:$N$100,$B89))^2) -> 0 | T89: =IF(OR($B89>$K$1,T$78>$K$1),0,LN(INDEX($C$79:$L$88,$B89,T$78)*INDEX($N$91:$N$100,T$78)/INDEX($N$91:$N$100,$B89))^2) -> 0 | U89: =IF(OR($B89>$K$1,U$78>$K$1),0,LN(INDEX($C$79:$L$88,$B89,U$78)*INDEX($N$91:$N$100,U$78)/INDEX($N$91:$N$100,$B89))^2) -> 0 | V89: =IF(OR($B89>$K$1,V$78>$K$1),0,LN(INDEX($C$79:$L$88,$B89,V$78)*INDEX($N$91:$N$100,V$78)/INDEX($N$91:$N$100,$B89))^2) -> 0 | W89: =IF(OR($B89>$K$1,W$78>$K$1),0,LN(INDEX($C$79:$L$88,$B89,W$78)*INDEX($N$91:$N$100,W$78)/INDEX($N$91:$N$100,$B89))^2) -> 0 | X89: =IF(OR($B89>$K$1,X$78>$K$1),0,LN(INDEX($C$79:$L$88,$B89,X$78)*INDEX($N$91:$N$100,X$78)/INDEX($N$91:$N$100,$B89))^2) -> 0 | ... Z89: =IF(OR($B89>$K$1,Z$78>$K$1),0,LN(INDEX($C$79:$L$88,$B89,Z$78)*INDEX($N$91:$N$100,Z$78)/INDEX($N$91:$N$100,$B89))^2) -> 0
B90: Ln(A) for calculation of RGMM | N90: RGGM
B91: 1 | C91: =IF(C79>0,LN(C79),0) -> 0 | D91: =IF(D79>0,LN(D79),0) -> 1.0986123 | E91: =IF(E79>0,LN(E79),0) -> 0 | F91: =IF(F79>0,LN(F79),0) -> 0 | G91: =IF(G79>0,LN(G79),0) -> 0 | H91: =IF(H79>0,LN(H79),0) -> 0 | I91: =IF(I79>0,LN(I79),0) -> 0 | J91: =IF(J79>0,LN(J79),0) -> 0 | ... L91: =IF(L79>0,LN(L79),0) -> 0 | M91: =EXP(SUM(C91:L91)/K$1) -> 1.4422496 | N91: =IF(B91<=K$1,M91/M$101,0) -> 0.42857143 | O91: =N91*COSH(P79) -> 0.42857143
B92: 2 | C92: =IF(C80>0,LN(C80),0) -> -1.0986123 | D92: =IF(D80>0,LN(D80),0) -> 0 | E92: =IF(E80>0,LN(E80),0) -> -1.0986123 | F92: =IF(F80>0,LN(F80),0) -> 0 | G92: =IF(G80>0,LN(G80),0) -> 0 | H92: =IF(H80>0,LN(H80),0) -> 0 | I92: =IF(I80>0,LN(I80),0) -> 0 | J92: =IF(J80>0,LN(J80),0) -> 0 | ... L92: =IF(L80>0,LN(L80),0) -> 0 | M92: =EXP(SUM(C92:L92)/K$1) -> 0.48074986 | N92: =IF(B92<=K$1,M92/M$101,0) -> 0.14285714 | O92: =N92*COSH(P80) -> 0.14285714
B93: 3 | C93: =IF(C81>0,LN(C81),0) -> 0 | D93: =IF(D81>0,LN(D81),0) -> 1.0986123 | E93: =IF(E81>0,LN(E81),0) -> 0 | F93: =IF(F81>0,LN(F81),0) -> 0 | G93: =IF(G81>0,LN(G81),0) -> 0 | H93: =IF(H81>0,LN(H81),0) -> 0 | I93: =IF(I81>0,LN(I81),0) -> 0 | J93: =IF(J81>0,LN(J81),0) -> 0 | ... L93: =IF(L81>0,LN(L81),0) -> 0 | M93: =EXP(SUM(C93:L93)/K$1) -> 1.4422496 | N93: =IF(B93<=K$1,M93/M$101,0) -> 0.42857143 | O93: =N93*COSH(P81) -> 0.42857143
B94: 4 | C94: =IF(C82>0,LN(C82),0) -> 0 | D94: =IF(D82>0,LN(D82),0) -> 0 | E94: =IF(E82>0,LN(E82),0) -> 0 | F94: =IF(F82>0,LN(F82),0) -> 0 | G94: =IF(G82>0,LN(G82),0) -> 0 | H94: =IF(H82>0,LN(H82),0) -> 0 | I94: =IF(I82>0,LN(I82),0) -> 0 | J94: =IF(J82>0,LN(J82),0) -> 0 | ... L94: =IF(L82>0,LN(L82),0) -> 0 | M94: =EXP(SUM(C94:L94)/K$1) -> 1 | N94: =IF(B94<=K$1,M94/M$101,0) -> 0 | O94: =N94*COSH(P82) -> 0
B95: 5 | C95: =IF(C83>0,LN(C83),0) -> 0 | D95: =IF(D83>0,LN(D83),0) -> 0 | E95: =IF(E83>0,LN(E83),0) -> 0 | F95: =IF(F83>0,LN(F83),0) -> 0 | G95: =IF(G83>0,LN(G83),0) -> 0 | H95: =IF(H83>0,LN(H83),0) -> 0 | I95: =IF(I83>0,LN(I83),0) -> 0 | J95: =IF(J83>0,LN(J83),0) -> 0 | ... L95: =IF(L83>0,LN(L83),0) -> 0 | M95: =EXP(SUM(C95:L95)/K$1) -> 1 | N95: =IF(B95<=K$1,M95/M$101,0) -> 0 | O95: =N95*COSH(P83) -> 0
B96: 6 | C96: =IF(C84>0,LN(C84),0) -> 0 | D96: =IF(D84>0,LN(D84),0) -> 0 | E96: =IF(E84>0,LN(E84),0) -> 0 | F96: =IF(F84>0,LN(F84),0) -> 0 | G96: =IF(G84>0,LN(G84),0) -> 0 | H96: =IF(H84>0,LN(H84),0) -> 0 | I96: =IF(I84>0,LN(I84),0) -> 0 | J96: =IF(J84>0,LN(J84),0) -> 0 | ... L96: =IF(L84>0,LN(L84),0) -> 0 | M96: =EXP(SUM(C96:L96)/K$1) -> 1 | N96: =IF(B96<=K$1,M96/M$101,0) -> 0 | O96: =N96*COSH(P84) -> 0
B97: 7 | C97: =IF(C85>0,LN(C85),0) -> 0 | D97: =IF(D85>0,LN(D85),0) -> 0 | E97: =IF(E85>0,LN(E85),0) -> 0 | F97: =IF(F85>0,LN(F85),0) -> 0 | G97: =IF(G85>0,LN(G85),0) -> 0 | H97: =IF(H85>0,LN(H85),0) -> 0 | I97: =IF(I85>0,LN(I85),0) -> 0 | J97: =IF(J85>0,LN(J85),0) -> 0 | ... L97: =IF(L85>0,LN(L85),0) -> 0 | M97: =EXP(SUM(C97:L97)/K$1) -> 1 | N97: =IF(B97<=K$1,M97/M$101,0) -> 0 | O97: =N97*COSH(P85) -> 0
B98: 8 | C98: =IF(C86>0,LN(C86),0) -> 0 | D98: =IF(D86>0,LN(D86),0) -> 0 | E98: =IF(E86>0,LN(E86),0) -> 0 | F98: =IF(F86>0,LN(F86),0) -> 0 | G98: =IF(G86>0,LN(G86),0) -> 0 | H98: =IF(H86>0,LN(H86),0) -> 0 | I98: =IF(I86>0,LN(I86),0) -> 0 | J98: =IF(J86>0,LN(J86),0) -> 0 | ... L98: =IF(L86>0,LN(L86),0) -> 0 | M98: =EXP(SUM(C98:L98)/K$1) -> 1 | N98: =IF(B98<=K$1,M98/M$101,0) -> 0 | O98: =N98*COSH(P86) -> 0
B99: 9 | C99: =IF(C87>0,LN(C87),0) -> 0 | D99: =IF(D87>0,LN(D87),0) -> 0 | E99: =IF(E87>0,LN(E87),0) -> 0 | F99: =IF(F87>0,LN(F87),0) -> 0 | G99: =IF(G87>0,LN(G87),0) -> 0 | H99: =IF(H87>0,LN(H87),0) -> 0 | I99: =IF(I87>0,LN(I87),0) -> 0 | J99: =IF(J87>0,LN(J87),0) -> 0 | ... L99: =IF(L87>0,LN(L87),0) -> 0 | M99: =EXP(SUM(C99:L99)/K$1) -> 1 | N99: =IF(B99<=K$1,M99/M$101,0) -> 0 | O99: =N99*COSH(P87) -> 0
B100: 10 | C100: =IF(C88>0,LN(C88),0) -> 0 | D100: =IF(D88>0,LN(D88),0) -> 0 | E100: =IF(E88>0,LN(E88),0) -> 0 | F100: =IF(F88>0,LN(F88),0) -> 0 | G100: =IF(G88>0,LN(G88),0) -> 0 | H100: =IF(H88>0,LN(H88),0) -> 0 | I100: =IF(I88>0,LN(I88),0) -> 0 | J100: =IF(J88>0,LN(J88),0) -> 0 | ... L100: =IF(L88>0,LN(L88),0) -> 0 | M100: =EXP(SUM(C100:L100)/K$1) -> 1 | N100: =IF(B100<=K$1,M100/M$101,0) -> 0 | O100: =N100*COSH(P88) -> 0
B101: Consistency Error Matrix | M101: =SUM(M91:M100)-(10-K1) -> 3.365249 | N101: =MMULT(C89:L89,N91:N100) -> 3 | O101: =SUM(O91:O100) -> 1
B102: 1 | C102: 1 | D102: =IF(AND($B79<=$K$1,D$78<=$K$1,(D113>1/9),(D113<9)),IF(D79*D113>1,D79*D113,1/(D79*D113)),0) -> 1 | E102: =IF(AND($B79<=$K$1,E$78<=$K$1,(E113>1/9),(E113<9)),IF(E79*E113>1,E79*E113,1/(E79*E113)),0) -> 1 | F102: =IF(AND($B79<=$K$1,F$78<=$K$1,(F113>1/9),(F113<9)),IF(F79*F113>1,F79*F113,1/(F79*F113)),0) -> 0 | G102: =IF(AND($B79<=$K$1,G$78<=$K$1,(G113>1/9),(G113<9)),IF(G79*G113>1,G79*G113,1/(G79*G113)),0) -> 0 | H102: =IF(AND($B79<=$K$1,H$78<=$K$1,(H113>1/9),(H113<9)),IF(H79*H113>1,H79*H113,1/(H79*H113)),0) -> 0 | I102: =IF(AND($B79<=$K$1,I$78<=$K$1,(I113>1/9),(I113<9)),IF(I79*I113>1,I79*I113,1/(I79*I113)),0) -> 0 | J102: =IF(AND($B79<=$K$1,J$78<=$K$1,(J113>1/9),(J113<9)),IF(J79*J113>1,J79*J113,1/(J79*J113)),0) -> 0 | K102: =IF(AND($B79<=$K$1,K$78<=$K$1,(K113>1/9),(K113<9)),IF(K79*K113>1,K79*K113,1/(K79*K113)),0) -> 0 | L102: =IF(AND($B79<=$K$1,L$78<=$K$1,(L113>1/9),(L113<9)),IF(L79*L113>1,L79*L113,1/(L79*L113)),0) -> 0
B103: 2 | D103: 1 | E103: =IF(AND($B80<=$K$1,E$78<=$K$1,(E114>1/9),(E114<9)),IF(E80*E114>1,E80*E114,1/(E80*E114)),0) -> 1 | F103: =IF(AND($B80<=$K$1,F$78<=$K$1,(F114>1/9),(F114<9)),IF(F80*F114>1,F80*F114,1/(F80*F114)),0) -> 0 | G103: =IF(AND($B80<=$K$1,G$78<=$K$1,(G114>1/9),(G114<9)),IF(G80*G114>1,G80*G114,1/(G80*G114)),0) -> 0 | H103: =IF(AND($B80<=$K$1,H$78<=$K$1,(H114>1/9),(H114<9)),IF(H80*H114>1,H80*H114,1/(H80*H114)),0) -> 0 | I103: =IF(AND($B80<=$K$1,I$78<=$K$1,(I114>1/9),(I114<9)),IF(I80*I114>1,I80*I114,1/(I80*I114)),0) -> 0 | J103: =IF(AND($B80<=$K$1,J$78<=$K$1,(J114>1/9),(J114<9)),IF(J80*J114>1,J80*J114,1/(J80*J114)),0) -> 0 | K103: =IF(AND($B80<=$K$1,K$78<=$K$1,(K114>1/9),(K114<9)),IF(K80*K114>1,K80*K114,1/(K80*K114)),0) -> 0 | L103: =IF(AND($B80<=$K$1,L$78<=$K$1,(L114>1/9),(L114<9)),IF(L80*L114>1,L80*L114,1/(L80*L114)),0) -> 0
B104: 3 | E104: 1 | F104: =IF(AND($B81<=$K$1,F$78<=$K$1,(F115>1/9),(F115<9)),IF(F81*F115>1,F81*F115,1/(F81*F115)),0) -> 0 | G104: =IF(AND($B81<=$K$1,G$78<=$K$1,(G115>1/9),(G115<9)),IF(G81*G115>1,G81*G115,1/(G81*G115)),0) -> 0 | H104: =IF(AND($B81<=$K$1,H$78<=$K$1,(H115>1/9),(H115<9)),IF(H81*H115>1,H81*H115,1/(H81*H115)),0) -> 0 | I104: =IF(AND($B81<=$K$1,I$78<=$K$1,(I115>1/9),(I115<9)),IF(I81*I115>1,I81*I115,1/(I81*I115)),0) -> 0 | J104: =IF(AND($B81<=$K$1,J$78<=$K$1,(J115>1/9),(J115<9)),IF(J81*J115>1,J81*J115,1/(J81*J115)),0) -> 0 | K104: =IF(AND($B81<=$K$1,K$78<=$K$1,(K115>1/9),(K115<9)),IF(K81*K115>1,K81*K115,1/(K81*K115)),0) -> 0 | L104: =IF(AND($B81<=$K$1,L$78<=$K$1,(L115>1/9),(L115<9)),IF(L81*L115>1,L81*L115,1/(L81*L115)),0) -> 0
B105: 4 | F105: 1 | G105: =IF(AND($B82<=$K$1,G$78<=$K$1,(G116>1/9),(G116<9)),IF(G82*G116>1,G82*G116,1/(G82*G116)),0) -> 0 | H105: =IF(AND($B82<=$K$1,H$78<=$K$1,(H116>1/9),(H116<9)),IF(H82*H116>1,H82*H116,1/(H82*H116)),0) -> 0 | I105: =IF(AND($B82<=$K$1,I$78<=$K$1,(I116>1/9),(I116<9)),IF(I82*I116>1,I82*I116,1/(I82*I116)),0) -> 0 | J105: =IF(AND($B82<=$K$1,J$78<=$K$1,(J116>1/9),(J116<9)),IF(J82*J116>1,J82*J116,1/(J82*J116)),0) -> 0 | K105: =IF(AND($B82<=$K$1,K$78<=$K$1,(K116>1/9),(K116<9)),IF(K82*K116>1,K82*K116,1/(K82*K116)),0) -> 0 | L105: =IF(AND($B82<=$K$1,L$78<=$K$1,(L116>1/9),(L116<9)),IF(L82*L116>1,L82*L116,1/(L82*L116)),0) -> 0
B106: 5 | G106: 1 | H106: =IF(AND($B83<=$K$1,H$78<=$K$1,(H117>1/9),(H117<9)),IF(H83*H117>1,H83*H117,1/(H83*H117)),0) -> 0 | I106: =IF(AND($B83<=$K$1,I$78<=$K$1,(I117>1/9),(I117<9)),IF(I83*I117>1,I83*I117,1/(I83*I117)),0) -> 0 | J106: =IF(AND($B83<=$K$1,J$78<=$K$1,(J117>1/9),(J117<9)),IF(J83*J117>1,J83*J117,1/(J83*J117)),0) -> 0 | K106: =IF(AND($B83<=$K$1,K$78<=$K$1,(K117>1/9),(K117<9)),IF(K83*K117>1,K83*K117,1/(K83*K117)),0) -> 0 | L106: =IF(AND($B83<=$K$1,L$78<=$K$1,(L117>1/9),(L117<9)),IF(L83*L117>1,L83*L117,1/(L83*L117)),0) -> 0
B107: 6 | H107: 1 | I107: =IF(AND($B84<=$K$1,I$78<=$K$1,(I118>1/9),(I118<9)),IF(I84*I118>1,I84*I118,1/(I84*I118)),0) -> 0 | J107: =IF(AND($B84<=$K$1,J$78<=$K$1,(J118>1/9),(J118<9)),IF(J84*J118>1,J84*J118,1/(J84*J118)),0) -> 0 | K107: =IF(AND($B84<=$K$1,K$78<=$K$1,(K118>1/9),(K118<9)),IF(K84*K118>1,K84*K118,1/(K84*K118)),0) -> 0 | L107: =IF(AND($B84<=$K$1,L$78<=$K$1,(L118>1/9),(L118<9)),IF(L84*L118>1,L84*L118,1/(L84*L118)),0) -> 0
B108: 7 | I108: 1 | J108: =IF(AND($B85<=$K$1,J$78<=$K$1,(J119>1/9),(J119<9)),IF(J85*J119>1,J85*J119,1/(J85*J119)),0) -> 0 | K108: =IF(AND($B85<=$K$1,K$78<=$K$1,(K119>1/9),(K119<9)),IF(K85*K119>1,K85*K119,1/(K85*K119)),0) -> 0 | L108: =IF(AND($B85<=$K$1,L$78<=$K$1,(L119>1/9),(L119<9)),IF(L85*L119>1,L85*L119,1/(L85*L119)),0) -> 0
B109: 8 | J109: 1 | K109: =IF(AND($B86<=$K$1,K$78<=$K$1,(K120>1/9),(K120<9)),IF(K86*K120>1,K86*K120,1/(K86*K120)),0) -> 0 | L109: =IF(AND($B86<=$K$1,L$78<=$K$1,(L120>1/9),(L120<9)),IF(L86*L120>1,L86*L120,1/(L86*L120)),0) -> 0
B110: 9 | K110: 1 | L110: =IF(AND($B87<=$K$1,L$78<=$K$1,(L121>1/9),(L121<9)),IF(L87*L121>1,L87*L121,1/(L87*L121)),0) -> 0
B111: 10 | L111: 1
B112: pj/pi
B113: 1 | C113: 1 | D113: =IF(AND($B91<=$K$1,D$78<=$K$1), OFFSET($N$90,D$78,0)/OFFSET($N$90,$B91,0),0) -> 0.33333333 | E113: =IF(AND($B91<=$K$1,E$78<=$K$1), OFFSET($N$90,E$78,0)/OFFSET($N$90,$B91,0),0) -> 1 | F113: =IF(AND($B91<=$K$1,F$78<=$K$1), OFFSET($N$90,F$78,0)/OFFSET($N$90,$B91,0),0) -> 0 | G113: =IF(AND($B91<=$K$1,G$78<=$K$1), OFFSET($N$90,G$78,0)/OFFSET($N$90,$B91,0),0) -> 0 | H113: =IF(AND($B91<=$K$1,H$78<=$K$1), OFFSET($N$90,H$78,0)/OFFSET($N$90,$B91,0),0) -> 0 | I113: =IF(AND($B91<=$K$1,I$78<=$K$1), OFFSET($N$90,I$78,0)/OFFSET($N$90,$B91,0),0) -> 0 | J113: =IF(AND($B91<=$K$1,J$78<=$K$1), OFFSET($N$90,J$78,0)/OFFSET($N$90,$B91,0),0) -> 0 | K113: =IF(AND($B91<=$K$1,K$78<=$K$1), OFFSET($N$90,K$78,0)/OFFSET($N$90,$B91,0),0) -> 0 | L113: =IF(AND($B91<=$K$1,L$78<=$K$1), OFFSET($N$90,L$78,0)/OFFSET($N$90,$B91,0),0) -> 0
B114: 2 | D114: 1 | E114: =IF(AND($B92<=$K$1,E$78<=$K$1), OFFSET($N$90,E$78,0)/OFFSET($N$90,$B92,0),0) -> 3 | F114: =IF(AND($B92<=$K$1,F$78<=$K$1), OFFSET($N$90,F$78,0)/OFFSET($N$90,$B92,0),0) -> 0 | G114: =IF(AND($B92<=$K$1,G$78<=$K$1), OFFSET($N$90,G$78,0)/OFFSET($N$90,$B92,0),0) -> 0 | H114: =IF(AND($B92<=$K$1,H$78<=$K$1), OFFSET($N$90,H$78,0)/OFFSET($N$90,$B92,0),0) -> 0 | I114: =IF(AND($B92<=$K$1,I$78<=$K$1), OFFSET($N$90,I$78,0)/OFFSET($N$90,$B92,0),0) -> 0 | J114: =IF(AND($B92<=$K$1,J$78<=$K$1), OFFSET($N$90,J$78,0)/OFFSET($N$90,$B92,0),0) -> 0 | K114: =IF(AND($B92<=$K$1,K$78<=$K$1), OFFSET($N$90,K$78,0)/OFFSET($N$90,$B92,0),0) -> 0 | L114: =IF(AND($B92<=$K$1,L$78<=$K$1), OFFSET($N$90,L$78,0)/OFFSET($N$90,$B92,0),0) -> 0
B115: 3 | E115: 1 | F115: =IF(AND($B93<=$K$1,F$78<=$K$1), OFFSET($N$90,F$78,0)/OFFSET($N$90,$B93,0),0) -> 0 | G115: =IF(AND($B93<=$K$1,G$78<=$K$1), OFFSET($N$90,G$78,0)/OFFSET($N$90,$B93,0),0) -> 0 | H115: =IF(AND($B93<=$K$1,H$78<=$K$1), OFFSET($N$90,H$78,0)/OFFSET($N$90,$B93,0),0) -> 0 | I115: =IF(AND($B93<=$K$1,I$78<=$K$1), OFFSET($N$90,I$78,0)/OFFSET($N$90,$B93,0),0) -> 0 | J115: =IF(AND($B93<=$K$1,J$78<=$K$1), OFFSET($N$90,J$78,0)/OFFSET($N$90,$B93,0),0) -> 0 | K115: =IF(AND($B93<=$K$1,K$78<=$K$1), OFFSET($N$90,K$78,0)/OFFSET($N$90,$B93,0),0) -> 0 | L115: =IF(AND($B93<=$K$1,L$78<=$K$1), OFFSET($N$90,L$78,0)/OFFSET($N$90,$B93,0),0) -> 0
B116: 4 | F116: 1 | G116: =IF(AND($B94<=$K$1,G$78<=$K$1), OFFSET($N$90,G$78,0)/OFFSET($N$90,$B94,0),0) -> 0 | H116: =IF(AND($B94<=$K$1,H$78<=$K$1), OFFSET($N$90,H$78,0)/OFFSET($N$90,$B94,0),0) -> 0 | I116: =IF(AND($B94<=$K$1,I$78<=$K$1), OFFSET($N$90,I$78,0)/OFFSET($N$90,$B94,0),0) -> 0 | J116: =IF(AND($B94<=$K$1,J$78<=$K$1), OFFSET($N$90,J$78,0)/OFFSET($N$90,$B94,0),0) -> 0 | K116: =IF(AND($B94<=$K$1,K$78<=$K$1), OFFSET($N$90,K$78,0)/OFFSET($N$90,$B94,0),0) -> 0 | L116: =IF(AND($B94<=$K$1,L$78<=$K$1), OFFSET($N$90,L$78,0)/OFFSET($N$90,$B94,0),0) -> 0
B117: 5 | G117: 1 | H117: =IF(AND($B95<=$K$1,H$78<=$K$1), OFFSET($N$90,H$78,0)/OFFSET($N$90,$B95,0),0) -> 0 | I117: =IF(AND($B95<=$K$1,I$78<=$K$1), OFFSET($N$90,I$78,0)/OFFSET($N$90,$B95,0),0) -> 0 | J117: =IF(AND($B95<=$K$1,J$78<=$K$1), OFFSET($N$90,J$78,0)/OFFSET($N$90,$B95,0),0) -> 0 | K117: =IF(AND($B95<=$K$1,K$78<=$K$1), OFFSET($N$90,K$78,0)/OFFSET($N$90,$B95,0),0) -> 0 | L117: =IF(AND($B95<=$K$1,L$78<=$K$1), OFFSET($N$90,L$78,0)/OFFSET($N$90,$B95,0),0) -> 0
B118: 6 | H118: 1 | I118: =IF(AND($B96<=$K$1,I$78<=$K$1), OFFSET($N$90,I$78,0)/OFFSET($N$90,$B96,0),0) -> 0 | J118: =IF(AND($B96<=$K$1,J$78<=$K$1), OFFSET($N$90,J$78,0)/OFFSET($N$90,$B96,0),0) -> 0 | K118: =IF(AND($B96<=$K$1,K$78<=$K$1), OFFSET($N$90,K$78,0)/OFFSET($N$90,$B96,0),0) -> 0 | L118: =IF(AND($B96<=$K$1,L$78<=$K$1), OFFSET($N$90,L$78,0)/OFFSET($N$90,$B96,0),0) -> 0
B119: 7 | I119: 1 | J119: =IF(AND($B97<=$K$1,J$78<=$K$1), OFFSET($N$90,J$78,0)/OFFSET($N$90,$B97,0),0) -> 0 | K119: =IF(AND($B97<=$K$1,K$78<=$K$1), OFFSET($N$90,K$78,0)/OFFSET($N$90,$B97,0),0) -> 0 | L119: =IF(AND($B97<=$K$1,L$78<=$K$1), OFFSET($N$90,L$78,0)/OFFSET($N$90,$B97,0),0) -> 0
B120: 8 | J120: 1 | K120: =IF(AND($B98<=$K$1,K$78<=$K$1), OFFSET($N$90,K$78,0)/OFFSET($N$90,$B98,0),0) -> 0 | L120: =IF(AND($B98<=$K$1,L$78<=$K$1), OFFSET($N$90,L$78,0)/OFFSET($N$90,$B98,0),0) -> 0
B121: 9 | K121: 1 | L121: =IF(AND($B99<=$K$1,L$78<=$K$1), OFFSET($N$90,L$78,0)/OFFSET($N$90,$B99,0),0) -> 0
B122: 10 | L122: 1
C123: 1 | D123: 2 | E123: 3 | F123: 4 | G123: 5 | H123: 6 | I123: 7 | J123: 8 | K123: 9 | L123: 10
B124: 1 | C124: 1 | D124: =IF(AND($B124<=$K$1,D$123<=$K$1),IF(D113>1,"B"&TEXT(MIN(9,ROUND(D113,0)),"@"),"A"&TEXT(MIN(9,ROUND(1/D113,0)),"@")),"") -> A3 | E124: =IF(AND($B124<=$K$1,E$123<=$K$1),IF(E113>1,"B"&TEXT(MIN(9,ROUND(E113,0)),"@"),"A"&TEXT(MIN(9,ROUND(1/E113,0)),"@")),"") -> A1 | F124: =IF(AND($B124<=$K$1,F$123<=$K$1),IF(F113>1,"B"&TEXT(MIN(9,ROUND(F113,0)),"@"),"A"&TEXT(MIN(9,ROUND(1/F113,0)),"@")),"") | G124: =IF(AND($B124<=$K$1,G$123<=$K$1),IF(G113>1,"B"&TEXT(MIN(9,ROUND(G113,0)),"@"),"A"&TEXT(MIN(9,ROUND(1/G113,0)),"@")),"") | H124: =IF(AND($B124<=$K$1,H$123<=$K$1),IF(H113>1,"B"&TEXT(MIN(9,ROUND(H113,0)),"@"),"A"&TEXT(MIN(9,ROUND(1/H113,0)),"@")),"") | I124: =IF(AND($B124<=$K$1,I$123<=$K$1),IF(I113>1,"B"&TEXT(MIN(9,ROUND(I113,0)),"@"),"A"&TEXT(MIN(9,ROUND(1/I113,0)),"@")),"") | J124: =IF(AND($B124<=$K$1,J$123<=$K$1),IF(J113>1,"B"&TEXT(MIN(9,ROUND(J113,0)),"@"),"A"&TEXT(MIN(9,ROUND(1/J113,0)),"@")),"") | K124: =IF(AND($B124<=$K$1,K$123<=$K$1),IF(K113>1,"B"&TEXT(MIN(9,ROUND(K113,0)),"@"),"A"&TEXT(MIN(9,ROUND(1/K113,0)),"@")),"") | L124: =IF(AND($B124<=$K$1,L$123<=$K$1),IF(L113>1,"B"&TEXT(MIN(9,ROUND(L113,0)),"@"),"A"&TEXT(MIN(9,ROUND(1/L113,0)),"@")),"")
B125: 2 | D125: 1 | E125: =IF(AND($B125<=$K$1,E$123<=$K$1),IF(E114>1,"B"&TEXT(MIN(9,ROUND(E114,0)),"@"),"A"&TEXT(MIN(9,ROUND(1/E114,0)),"@")),"") -> B3 | F125: =IF(AND($B125<=$K$1,F$123<=$K$1),IF(F114>1,"B"&TEXT(MIN(9,ROUND(F114,0)),"@"),"A"&TEXT(MIN(9,ROUND(1/F114,0)),"@")),"") | G125: =IF(AND($B125<=$K$1,G$123<=$K$1),IF(G114>1,"B"&TEXT(MIN(9,ROUND(G114,0)),"@"),"A"&TEXT(MIN(9,ROUND(1/G114,0)),"@")),"") | H125: =IF(AND($B125<=$K$1,H$123<=$K$1),IF(H114>1,"B"&TEXT(MIN(9,ROUND(H114,0)),"@"),"A"&TEXT(MIN(9,ROUND(1/H114,0)),"@")),"") | I125: =IF(AND($B125<=$K$1,I$123<=$K$1),IF(I114>1,"B"&TEXT(MIN(9,ROUND(I114,0)),"@"),"A"&TEXT(MIN(9,ROUND(1/I114,0)),"@")),"") | J125: =IF(AND($B125<=$K$1,J$123<=$K$1),IF(J114>1,"B"&TEXT(MIN(9,ROUND(J114,0)),"@"),"A"&TEXT(MIN(9,ROUND(1/J114,0)),"@")),"") | K125: =IF(AND($B125<=$K$1,K$123<=$K$1),IF(K114>1,"B"&TEXT(MIN(9,ROUND(K114,0)),"@"),"A"&TEXT(MIN(9,ROUND(1/K114,0)),"@")),"") | L125: =IF(AND($B125<=$K$1,L$123<=$K$1),IF(L114>1,"B"&TEXT(MIN(9,ROUND(L114,0)),"@"),"A"&TEXT(MIN(9,ROUND(1/L114,0)),"@")),"")
B126: 3 | E126: 1 | F126: =IF(AND($B126<=$K$1,F$123<=$K$1),IF(F115>1,"B"&TEXT(MIN(9,ROUND(F115,0)),"@"),"A"&TEXT(MIN(9,ROUND(1/F115,0)),"@")),"") | G126: =IF(AND($B126<=$K$1,G$123<=$K$1),IF(G115>1,"B"&TEXT(MIN(9,ROUND(G115,0)),"@"),"A"&TEXT(MIN(9,ROUND(1/G115,0)),"@")),"") | H126: =IF(AND($B126<=$K$1,H$123<=$K$1),IF(H115>1,"B"&TEXT(MIN(9,ROUND(H115,0)),"@"),"A"&TEXT(MIN(9,ROUND(1/H115,0)),"@")),"") | I126: =IF(AND($B126<=$K$1,I$123<=$K$1),IF(I115>1,"B"&TEXT(MIN(9,ROUND(I115,0)),"@"),"A"&TEXT(MIN(9,ROUND(1/I115,0)),"@")),"") | J126: =IF(AND($B126<=$K$1,J$123<=$K$1),IF(J115>1,"B"&TEXT(MIN(9,ROUND(J115,0)),"@"),"A"&TEXT(MIN(9,ROUND(1/J115,0)),"@")),"") | K126: =IF(AND($B126<=$K$1,K$123<=$K$1),IF(K115>1,"B"&TEXT(MIN(9,ROUND(K115,0)),"@"),"A"&TEXT(MIN(9,ROUND(1/K115,0)),"@")),"") | L126: =IF(AND($B126<=$K$1,L$123<=$K$1),IF(L115>1,"B"&TEXT(MIN(9,ROUND(L115,0)),"@"),"A"&TEXT(MIN(9,ROUND(1/L115,0)),"@")),"")
B127: 4 | F127: 1 | G127: =IF(AND($B127<=$K$1,G$123<=$K$1),IF(G116>1,"B"&TEXT(MIN(9,ROUND(G116,0)),"@"),"A"&TEXT(MIN(9,ROUND(1/G116,0)),"@")),"") | H127: =IF(AND($B127<=$K$1,H$123<=$K$1),IF(H116>1,"B"&TEXT(MIN(9,ROUND(H116,0)),"@"),"A"&TEXT(MIN(9,ROUND(1/H116,0)),"@")),"") | I127: =IF(AND($B127<=$K$1,I$123<=$K$1),IF(I116>1,"B"&TEXT(MIN(9,ROUND(I116,0)),"@"),"A"&TEXT(MIN(9,ROUND(1/I116,0)),"@")),"") | J127: =IF(AND($B127<=$K$1,J$123<=$K$1),IF(J116>1,"B"&TEXT(MIN(9,ROUND(J116,0)),"@"),"A"&TEXT(MIN(9,ROUND(1/J116,0)),"@")),"") | K127: =IF(AND($B127<=$K$1,K$123<=$K$1),IF(K116>1,"B"&TEXT(MIN(9,ROUND(K116,0)),"@"),"A"&TEXT(MIN(9,ROUND(1/K116,0)),"@")),"") | L127: =IF(AND($B127<=$K$1,L$123<=$K$1),IF(L116>1,"B"&TEXT(MIN(9,ROUND(L116,0)),"@"),"A"&TEXT(MIN(9,ROUND(1/L116,0)),"@")),"")
B128: 5 | G128: 1 | H128: =IF(AND($B128<=$K$1,H$123<=$K$1),IF(H117>1,"B"&TEXT(MIN(9,ROUND(H117,0)),"@"),"A"&TEXT(MIN(9,ROUND(1/H117,0)),"@")),"") | I128: =IF(AND($B128<=$K$1,I$123<=$K$1),IF(I117>1,"B"&TEXT(MIN(9,ROUND(I117,0)),"@"),"A"&TEXT(MIN(9,ROUND(1/I117,0)),"@")),"") | J128: =IF(AND($B128<=$K$1,J$123<=$K$1),IF(J117>1,"B"&TEXT(MIN(9,ROUND(J117,0)),"@"),"A"&TEXT(MIN(9,ROUND(1/J117,0)),"@")),"") | K128: =IF(AND($B128<=$K$1,K$123<=$K$1),IF(K117>1,"B"&TEXT(MIN(9,ROUND(K117,0)),"@"),"A"&TEXT(MIN(9,ROUND(1/K117,0)),"@")),"") | L128: =IF(AND($B128<=$K$1,L$123<=$K$1),IF(L117>1,"B"&TEXT(MIN(9,ROUND(L117,0)),"@"),"A"&TEXT(MIN(9,ROUND(1/L117,0)),"@")),"")
...

Sheet In2
A1: AHP Analytic Hierarchy Process | J1: n= | K1: =Summary!B5 -> 3 | N1: Input | O1: 2
A2: Objective: | D2: =Summary!B11 -> Comparing Smoothness Factor Among Conventional Checkout, Self-Checkout and Unmanned Shop
A5: n | B5: Criteria | G5: Comment | O5: RGMM | P5: +/-
A6: 1 | B6: =IF(ISBLANK(Summary!C18),"",Summary!C18) -> Conventional Cashier | G6: =IF(ISBLANK(Summary!F18),"",Summary!F18) | O6: =O91/O$101 -> 0.49338597 | P6: =N91*SINH(P79)/O$101 -> 0.11201025
A7: 2 | B7: =IF(ISBLANK(Summary!C19),"",Summary!C19) -> Self-Checkout | G7: =IF(ISBLANK(Summary!F19),"",Summary!F19) | O7: =O92/O$101 -> 0.19580035 | P7: =N92*SINH(P80)/O$101 -> 0.044451297
A8: 3 | B8: =IF(ISBLANK(Summary!C20),"",Summary!C20) -> Unmanned Shop | G8: =IF(ISBLANK(Summary!F20),"",Summary!F20) | O8: =O93/O$101 -> 0.31081368 | P8: =N93*SINH(P81)/O$101 -> 0.070562035
A9: 4 | B9: =IF(ISBLANK(Summary!C21),"",Summary!C21) | G9: =IF(ISBLANK(Summary!F21),"",Summary!F21) | O9: =O94/O$101 -> 0 | P9: =N94*SINH(P82)/O$101 -> 0
A10: 5 | B10: =IF(ISBLANK(Summary!C22),"",Summary!C22) | G10: =IF(ISBLANK(Summary!F22),"",Summary!F22) | O10: =O95/O$101 -> 0 | P10: =N95*SINH(P83)/O$101 -> 0
A11: 6 | B11: =IF(ISBLANK(Summary!C23),"",Summary!C23) | G11: =IF(ISBLANK(Summary!F23),"",Summary!F23) | O11: =O96/O$101 -> 0 | P11: =N96*SINH(P84)/O$101 -> 0
A12: 7 | B12: =IF(ISBLANK(Summary!C24),"",Summary!C24) | G12: =IF(ISBLANK(Summary!F24),"",Summary!F24) | O12: =O97/O$101 -> 0 | P12: =N97*SINH(P85)/O$101 -> 0
A13: 8 | B13: =IF(ISBLANK(Summary!C25),"",Summary!C25) | G13: =IF(ISBLANK(Summary!F25),"",Summary!F25) | O13: =O98/O$101 -> 0 | P13: =N98*SINH(P86)/O$101 -> 0
A14: 9 | B14: =IF(ISBLANK(Summary!C26),"",Summary!C26) | G14: =IF(ISBLANK(Summary!F26),"",Summary!F26) -> for 9&10 unprotect the input sheets and expand the | O14: =O99/O$101 -> 0 | P14: =N99*SINH(P87)/O$101 -> 0
A15: 10 | B15: =IF(ISBLANK(Summary!C27),"",Summary!C27) | G15: =IF(ISBLANK(Summary!F27),"",Summary!F27) -> question section ("+" in row 66) | O15: =O100/O$101 -> 0 | P15: =N100*SINH(P88)/O$101 -> 0
B17: Participant 2 | F17: 1 | J17: a: | K17: =Summary!K7 -> 0.1 | L17: CR: | M17: =(N101-K1)/((2.7699*K1-4.3513)-K1) -> 0.055949057 | O17: =Summary!K5 -> 1
B18: Name | F18: Weight | H18: Date | M18: Consistency Ratio
G19: Criteria | K19: more important ? | L19: Scale | O19: A
B20: i | C20: j | D20: A | H20: B | K20: - A or B | L20: (1-9) | O20: B
A21: =IF(AND(B21<=$K$1,C21<=$K$1),B21*10+C21,0) -> 12 | B21: 1 | C21: 2 | D21: =VLOOKUP($B21,$A$6:$D$15,2) -> Conventional Cashier | H21: =IF(B21>0,VLOOKUP($C21,$A$6:$D$15,2),"") -> Self-Checkout | K21: A | L21: 2 | M21: =IF(AND(P21<>0,L$66>=($K$1*($K$1-1)/2)),RANK(P21,P$21:P$65),"") | N21: =IF(M21<4,OFFSET($B$123,$B21,$C21),"") | O21: =IF(AND(L21<>"",K21<>""),L21^(IF(K21="a",1,-1)),1) -> 2 | P21: =IF(AND($M$17>=$K$17,$A21>0),OFFSET($B$101,$B21,$C21),0) -> 0
A22: =IF(AND(B22<=$K$1,C22<=$K$1),B22*10+C22,0) -> 13 | B22: 1 | C22: 3 | D22: =IF(OR(B22=B21,A22=0),"",VLOOKUP($B22,$A$6:$D$15,2)) | H22: =IF(B22>0,VLOOKUP($C22,$A$6:$D$15,2),"") -> Unmanned Shop | K22: A | L22: 2 | M22: =IF(AND(P22<>0,L$66>=($K$1*($K$1-1)/2)),RANK(P22,P$21:P$65),"") | N22: =IF(M22<4,OFFSET($B$123,$B22,$C22),"") | O22: =IF(AND(L22<>"",K22<>""),L22^(IF(K22="a",1,-1)),1) -> 2 | P22: =IF(AND($M$17>=$K$17,$A22>0),OFFSET($B$101,$B22,$C22),0) -> 0
A23: =IF(AND(B23<=$K$1,C23<=$K$1),B23*10+C23,0) -> 0 | B23: 1 | C23: 4 | D23: =IF(OR(B23=B22,A23=0),"",VLOOKUP($B23,$A$6:$D$15,2)) | H23: =IF(B23>0,VLOOKUP($C23,$A$6:$D$15,2),"") | M23: =IF(AND(P23<>0,L$66>=($K$1*($K$1-1)/2)),RANK(P23,P$21:P$65),"") | N23: =IF(M23<4,OFFSET($B$123,$B23,$C23),"") | O23: =IF(AND(L23<>"",K23<>""),L23^(IF(K23="a",1,-1)),1) -> 1 | P23: =IF(AND($M$17>=$K$17,$A23>0),OFFSET($B$101,$B23,$C23),0) -> 0
A24: =IF(AND(B24<=$K$1,C24<=$K$1),B24*10+C24,0) -> 0 | B24: 1 | C24: 5 | D24: =IF(OR(B24=B23,A24=0),"",VLOOKUP($B24,$A$6:$D$15,2)) | H24: =IF(B24>0,VLOOKUP($C24,$A$6:$D$15,2),"") | M24: =IF(AND(P24<>0,L$66>=($K$1*($K$1-1)/2)),RANK(P24,P$21:P$65),"") | N24: =IF(M24<4,OFFSET($B$123,$B24,$C24),"") | O24: =IF(AND(L24<>"",K24<>""),L24^(IF(K24="a",1,-1)),1) -> 1 | P24: =IF(AND($M$17>=$K$17,$A24>0),OFFSET($B$101,$B24,$C24),0) -> 0
A25: =IF(AND(B25<=$K$1,C25<=$K$1),B25*10+C25,0) -> 0 | B25: 1 | C25: 6 | D25: =IF(OR(B25=B24,A25=0),"",VLOOKUP($B25,$A$6:$D$15,2)) | H25: =IF(B25>0,VLOOKUP($C25,$A$6:$D$15,2),"") | M25: =IF(AND(P25<>0,L$66>=($K$1*($K$1-1)/2)),RANK(P25,P$21:P$65),"") | N25: =IF(M25<4,OFFSET($B$123,$B25,$C25),"") | O25: =IF(AND(L25<>"",K25<>""),L25^(IF(K25="a",1,-1)),1) -> 1 | P25: =IF(AND($M$17>=$K$17,$A25>0),OFFSET($B$101,$B25,$C25),0) -> 0
A26: =IF(AND(B26<=$K$1,C26<=$K$1),B26*10+C26,0) -> 0 | B26: 1 | C26: 7 | D26: =IF(OR(B26=B25,A26=0),"",VLOOKUP($B26,$A$6:$D$15,2)) | H26: =IF(B26>0,VLOOKUP($C26,$A$6:$D$15,2),"") | M26: =IF(AND(P26<>0,L$66>=($K$1*($K$1-1)/2)),RANK(P26,P$21:P$65),"") | N26: =IF(M26<4,OFFSET($B$123,$B26,$C26),"") | O26: =IF(AND(L26<>"",K26<>""),L26^(IF(K26="a",1,-1)),1) -> 1 | P26: =IF(AND($M$17>=$K$17,$A26>0),OFFSET($B$101,$B26,$C26),0) -> 0
A27: =IF(AND(B27<=$K$1,C27<=$K$1),B27*10+C27,0) -> 0 | B27: 1 | C27: 8 | D27: =IF(OR(B27=B26,A27=0),"",VLOOKUP($B27,$A$6:$D$15,2)) | H27: =IF(B27>0,VLOOKUP($C27,$A$6:$D$15,2),"") | M27: =IF(AND(P27<>0,L$66>=($K$1*($K$1-1)/2)),RANK(P27,P$21:P$65),"") | N27: =IF(M27<4,OFFSET($B$123,$B27,$C27),"") | O27: =IF(AND(L27<>"",K27<>""),L27^(IF(K27="a",1,-1)),1) -> 1 | P27: =IF(AND($M$17>=$K$17,$A27>0),OFFSET($B$101,$B27,$C27),0) -> 0
A28: =IF(AND(B28<=$K$1,C28<=$K$1),B28*10+C28,0) -> 23 | B28: 2 | C28: 3 | D28: =IF(OR(B28=B27,A28=0),"",VLOOKUP($B28,$A$6:$D$15,2)) -> Self-Checkout | H28: =IF(B28>0,VLOOKUP($C28,$A$6:$D$15,2),"") -> Unmanned Shop | K28: B | L28: 2 | M28: =IF(AND(P28<>0,L$66>=($K$1*($K$1-1)/2)),RANK(P28,P$21:P$65),"") | N28: =IF(M28<4,OFFSET($B$123,$B28,$C28),"") | O28: =IF(AND(L28<>"",K28<>""),L28^(IF(K28="a",1,-1)),1) -> 0.5 | P28: =IF(AND($M$17>=$K$17,$A28>0),OFFSET($B$101,$B28,$C28),0) -> 0
A29: =IF(AND(B29<=$K$1,C29<=$K$1),B29*10+C29,0) -> 0 | B29: 2 | C29: 4 | D29: =IF(OR(B29=B28,A29=0),"",VLOOKUP($B29,$A$6:$D$15,2)) | H29: =IF(B29>0,VLOOKUP($C29,$A$6:$D$15,2),"") | M29: =IF(AND(P29<>0,L$66>=($K$1*($K$1-1)/2)),RANK(P29,P$21:P$65),"") | N29: =IF(M29<4,OFFSET($B$123,$B29,$C29),"") | O29: =IF(AND(L29<>"",K29<>""),L29^(IF(K29="a",1,-1)),1) -> 1 | P29: =IF(AND($M$17>=$K$17,$A29>0),OFFSET($B$101,$B29,$C29),0) -> 0
A30: =IF(AND(B30<=$K$1,C30<=$K$1),B30*10+C30,0) -> 0 | B30: 2 | C30: 5 | D30: =IF(OR(B30=B29,A30=0),"",VLOOKUP($B30,$A$6:$D$15,2)) | H30: =IF(B30>0,VLOOKUP($C30,$A$6:$D$15,2),"") | M30: =IF(AND(P30<>0,L$66>=($K$1*($K$1-1)/2)),RANK(P30,P$21:P$65),"") | N30: =IF(M30<4,OFFSET($B$123,$B30,$C30),"") | O30: =IF(AND(L30<>"",K30<>""),L30^(IF(K30="a",1,-1)),1) -> 1 | P30: =IF(AND($M$17>=$K$17,$A30>0),OFFSET($B$101,$B30,$C30),0) -> 0
A31: =IF(AND(B31<=$K$1,C31<=$K$1),B31*10+C31,0) -> 0 | B31: 2 | C31: 6 | D31: =IF(OR(B31=B30,A31=0),"",VLOOKUP($B31,$A$6:$D$15,2)) | H31: =IF(B31>0,VLOOKUP($C31,$A$6:$D$15,2),"") | M31: =IF(AND(P31<>0,L$66>=($K$1*($K$1-1)/2)),RANK(P31,P$21:P$65),"") | N31: =IF(M31<4,OFFSET($B$123,$B31,$C31),"") | O31: =IF(AND(L31<>"",K31<>""),L31^(IF(K31="a",1,-1)),1) -> 1 | P31: =IF(AND($M$17>=$K$17,$A31>0),OFFSET($B$101,$B31,$C31),0) -> 0
A32: =IF(AND(B32<=$K$1,C32<=$K$1),B32*10+C32,0) -> 0 | B32: 2 | C32: 7 | D32: =IF(OR(B32=B31,A32=0),"",VLOOKUP($B32,$A$6:$D$15,2)) | H32: =IF(B32>0,VLOOKUP($C32,$A$6:$D$15,2),"") | M32: =IF(AND(P32<>0,L$66>=($K$1*($K$1-1)/2)),RANK(P32,P$21:P$65),"") | N32: =IF(M32<4,OFFSET($B$123,$B32,$C32),"") | O32: =IF(AND(L32<>"",K32<>""),L32^(IF(K32="a",1,-1)),1) -> 1 | P32: =IF(AND($M$17>=$K$17,$A32>0),OFFSET($B$101,$B32,$C32),0) -> 0
A33: =IF(AND(B33<=$K$1,C33<=$K$1),B33*10+C33,0) -> 0 | B33: 2 | C33: 8 | D33: =IF(OR(B33=B32,A33=0),"",VLOOKUP($B33,$A$6:$D$15,2)) | H33: =IF(B33>0,VLOOKUP($C33,$A$6:$D$15,2),"") | M33: =IF(AND(P33<>0,L$66>=($K$1*($K$1-1)/2)),RANK(P33,P$21:P$65),"") | N33: =IF(M33<4,OFFSET($B$123,$B33,$C33),"") | O33: =IF(AND(L33<>"",K33<>""),L33^(IF(K33="a",1,-1)),1) -> 1 | P33: =IF(AND($M$17>=$K$17,$A33>0),OFFSET($B$101,$B33,$C33),0) -> 0
A34: =IF(AND(B34<=$K$1,C34<=$K$1),B34*10+C34,0) -> 0 | B34: 3 | C34: 4 | D34: =IF(OR(B34=B33,A34=0),"",VLOOKUP($B34,$A$6:$D$15,2)) | H34: =IF(B34>0,VLOOKUP($C34,$A$6:$D$15,2),"") | M34: =IF(AND(P34<>0,L$66>=($K$1*($K$1-1)/2)),RANK(P34,P$21:P$65),"") | N34: =IF(M34<4,OFFSET($B$123,$B34,$C34),"") | O34: =IF(AND(L34<>"",K34<>""),L34^(IF(K34="a",1,-1)),1) -> 1 | P34: =IF(AND($M$17>=$K$17,$A34>0),OFFSET($B$101,$B34,$C34),0) -> 0
A35: =IF(AND(B35<=$K$1,C35<=$K$1),B35*10+C35,0) -> 0 | B35: 3 | C35: 5 | D35: =IF(OR(B35=B34,A35=0),"",VLOOKUP($B35,$A$6:$D$15,2)) | H35: =IF(B35>0,VLOOKUP($C35,$A$6:$D$15,2),"") | M35: =IF(AND(P35<>0,L$66>=($K$1*($K$1-1)/2)),RANK(P35,P$21:P$65),"") | N35: =IF(M35<4,OFFSET($B$123,$B35,$C35),"") | O35: =IF(AND(L35<>"",K35<>""),L35^(IF(K35="a",1,-1)),1) -> 1 | P35: =IF(AND($M$17>=$K$17,$A35>0),OFFSET($B$101,$B35,$C35),0) -> 0
A36: =IF(AND(B36<=$K$1,C36<=$K$1),B36*10+C36,0) -> 0 | B36: 3 | C36: 6 | D36: =IF(OR(B36=B35,A36=0),"",VLOOKUP($B36,$A$6:$D$15,2)) | H36: =IF(B36>0,VLOOKUP($C36,$A$6:$D$15,2),"") | M36: =IF(AND(P36<>0,L$66>=($K$1*($K$1-1)/2)),RANK(P36,P$21:P$65),"") | N36: =IF(M36<4,OFFSET($B$123,$B36,$C36),"") | O36: =IF(AND(L36<>"",K36<>""),L36^(IF(K36="a",1,-1)),1) -> 1 | P36: =IF(AND($M$17>=$K$17,$A36>0),OFFSET($B$101,$B36,$C36),0) -> 0
A37: =IF(AND(B37<=$K$1,C37<=$K$1),B37*10+C37,0) -> 0 | B37: 3 | C37: 7 | D37: =IF(OR(B37=B36,A37=0),"",VLOOKUP($B37,$A$6:$D$15,2)) | H37: =IF(B37>0,VLOOKUP($C37,$A$6:$D$15,2),"") | M37: =IF(AND(P37<>0,L$66>=($K$1*($K$1-1)/2)),RANK(P37,P$21:P$65),"") | N37: =IF(M37<4,OFFSET($B$123,$B37,$C37),"") | O37: =IF(AND(L37<>"",K37<>""),L37^(IF(K37="a",1,-1)),1) -> 1 | P37: =IF(AND($M$17>=$K$17,$A37>0),OFFSET($B$101,$B37,$C37),0) -> 0
A38: =IF(AND(B38<=$K$1,C38<=$K$1),B38*10+C38,0) -> 0 | B38: 3 | C38: 8 | D38: =IF(OR(B38=B37,A38=0),"",VLOOKUP($B38,$A$6:$D$15,2)) | H38: =IF(B38>0,VLOOKUP($C38,$A$6:$D$15,2),"") | M38: =IF(AND(P38<>0,L$66>=($K$1*($K$1-1)/2)),RANK(P38,P$21:P$65),"") | N38: =IF(M38<4,OFFSET($B$123,$B38,$C38),"") | O38: =IF(AND(L38<>"",K38<>""),L38^(IF(K38="a",1,-1)),1) -> 1 | P38: =IF(AND($M$17>=$K$17,$A38>0),OFFSET($B$101,$B38,$C38),0) -> 0
A39: =IF(AND(B39<=$K$1,C39<=$K$1),B39*10+C39,0) -> 0 | B39: 4 | C39: 5 | D39: =IF(OR(B39=B38,A39=0),"",VLOOKUP($B39,$A$6:$D$15,2)) | H39: =IF(B39>0,VLOOKUP($C39,$A$6:$D$15,2),"") | M39: =IF(AND(P39<>0,L$66>=($K$1*($K$1-1)/2)),RANK(P39,P$21:P$65),"") | N39: =IF(M39<4,OFFSET($B$123,$B39,$C39),"") | O39: =IF(AND(L39<>"",K39<>""),L39^(IF(K39="a",1,-1)),1) -> 1 | P39: =IF(AND($M$17>=$K$17,$A39>0),OFFSET($B$101,$B39,$C39),0) -> 0
A40: =IF(AND(B40<=$K$1,C40<=$K$1),B40*10+C40,0) -> 0 | B40: 4 | C40: 6 | D40: =IF(OR(B40=B39,A40=0),"",VLOOKUP($B40,$A$6:$D$15,2)) | H40: =IF(B40>0,VLOOKUP($C40,$A$6:$D$15,2),"") | M40: =IF(AND(P40<>0,L$66>=($K$1*($K$1-1)/2)),RANK(P40,P$21:P$65),"") | N40: =IF(M40<4,OFFSET($B$123,$B40,$C40),"") | O40: =IF(AND(L40<>"",K40<>""),L40^(IF(K40="a",1,-1)),1) -> 1 | P40: =IF(AND($M$17>=$K$17,$A40>0),OFFSET($B$101,$B40,$C40),0) -> 0
... A65: =IF(AND(B65<=$K$1,C65<=$K$1),B65*10+C65,0) -> 0 | B65: 9 | C65: 10 | D65: =IF(OR(B65=B64,A65=0),"",VLOOKUP($B65,$A$6:$D$15,2)) | H65: =IF(B65>0,VLOOKUP($C65,$A$6:$D$15,2),"") | M65: =IF(AND(P65<>0,L$66>=($K$1*($K$1-1)/2)),RANK(P65,P$21:P$65),"") | N65: =IF(M65<4,OFFSET($B$123,$B65,$C65),"") | O65: =IF(AND(L65<>"",K65<>""),L65^(IF(K65="a",1,-1)),1) -> 1 | P65: =IF(AND($M$17>=$K$17,$A65>0),OFFSET($B$101,$B65,$C65),0) -> 0
K66: =COUNT(K21:K65) -> 0 | L66: =COUNT(L21:L65) -> 3
A67: Intensity of importance | D67: Definition | G67: Explanation
A68: 1 | D68: Equal importance | G68: Two elements contribute equally to the objective
A69: 3 | D69: Moderate importance | G69: Experience and judgment slightly favor one element over another
A70: 5 | D70: Strong Importance | G70: Experience and judgment strongly favor one element over another
A71: 7 | D71: Very strong importance | G71: One element is favored very strongly over another, it dominance is demonstrated in practice
A72: 9 | D72: Extreme importance | G72: The evidence favoring one element over another is of the highest possible order of affirmation
A73: 2,4,6,8 can be used to express intermediate values
A75: Supporting calculations
B76: Decision Matrix A | G76: participant | H76: =O1 -> 2
C77: {=TRANSPOSE(B6:B15)} -> Conventional Cashier | D77: Self-Checkout | E77: Unmanned Shop
C78: 1 | D78: 2 | E78: 3 | F78: 4 | G78: 5 | H78: 6 | I78: 7 | J78: 8 | K78: 9 | L78: 10 | P78: Error calc | Q78: 1 | R78: 2 | S78: 3 | T78: 4 | U78: 5 | V78: 6 | W78: 7 | X78: 8 | Y78: 9 | Z78: 10
B79: 1 | C79: 1 | D79: =IF(ISNA(VLOOKUP(($B79*10+D$78),$A$21:$O$65,15,0)),0,VLOOKUP(($B79*10+D$78),$A$21:$O$65,15,0)) -> 2 | E79: =IF(ISNA(VLOOKUP(($B79*10+E$78),$A$21:$O$65,15,0)),0,VLOOKUP(($B79*10+E$78),$A$21:$O$65,15,0)) -> 2 | F79: =IF(ISNA(VLOOKUP(($B79*10+F$78),$A$21:$O$65,15,0)),0,VLOOKUP(($B79*10+F$78),$A$21:$O$65,15,0)) -> 0 | G79: =IF(ISNA(VLOOKUP(($B79*10+G$78),$A$21:$O$65,15,0)),0,VLOOKUP(($B79*10+G$78),$A$21:$O$65,15,0)) -> 0 | H79: =IF(ISNA(VLOOKUP(($B79*10+H$78),$A$21:$O$65,15,0)),0,VLOOKUP(($B79*10+H$78),$A$21:$O$65,15,0)) -> 0 | I79: =IF(ISNA(VLOOKUP(($B79*10+I$78),$A$21:$O$65,15,0)),0,VLOOKUP(($B79*10+I$78),$A$21:$O$65,15,0)) -> 0 | J79: =IF(ISNA(VLOOKUP(($B79*10+J$78),$A$21:$O$65,15,0)),0,VLOOKUP(($B79*10+J$78),$A$21:$O$65,15,0)) -> 0 | K79: =IF(ISNA(VLOOKUP(($B79*10+K$78),$A$21:$O$65,15,0)),0,VLOOKUP(($B79*10+K$78),$A$21:$O$65,15,0)) -> 0 | L79: =IF(ISNA(VLOOKUP(($B79*10+L$78),$A$21:$O$65,15,0)),0,VLOOKUP(($B79*10+L$78),$A$21:$O$65,15,0)) -> 0 | P79: =SQRT( SUM(Q79:Z79)/($K$1-1) ) -> 0.23104906 | Q79: =IF(OR($B79>$K$1,Q$78>$K$1),0,LN(INDEX($C$79:$L$88,$B79,Q$78)*INDEX($N$91:$N$100,Q$78)/INDEX($N$91:$N$100,$B79))^2) -> 0 | R79: =IF(OR($B79>$K$1,R$78>$K$1),0,LN(INDEX($C$79:$L$88,$B79,R$78)*INDEX($N$91:$N$100,R$78)/INDEX($N$91:$N$100,$B79))^2) -> 0.053383668 | S79: =IF(OR($B79>$K$1,S$78>$K$1),0,LN(INDEX($C$79:$L$88,$B79,S$78)*INDEX($N$91:$N$100,S$78)/INDEX($N$91:$N$100,$B79))^2) -> 0.053383668 | T79: =IF(OR($B79>$K$1,T$78>$K$1),0,LN(INDEX($C$79:$L$88,$B79,T$78)*INDEX($N$91:$N$100,T$78)/INDEX($N$91:$N$100,$B79))^2) -> 0 | U79: =IF(OR($B79>$K$1,U$78>$K$1),0,LN(INDEX($C$79:$L$88,$B79,U$78)*INDEX($N$91:$N$100,U$78)/INDEX($N$91:$N$100,$B79))^2) -> 0 | V79: =IF(OR($B79>$K$1,V$78>$K$1),0,LN(INDEX($C$79:$L$88,$B79,V$78)*INDEX($N$91:$N$100,V$78)/INDEX($N$91:$N$100,$B79))^2) -> 0 | W79: =IF(OR($B79>$K$1,W$78>$K$1),0,LN(INDEX($C$79:$L$88,$B79,W$78)*INDEX($N$91:$N$100,W$78)/INDEX($N$91:$N$100,$B79))^2) -> 0 | X79: =IF(OR($B79>$K$1,X$78>$K$1),0,LN(INDEX($C$79:$L$88,$B79,X$78)*INDEX($N$91:$N$100,X$78)/INDEX($N$91:$N$100,$B79))^2) -> 0 | ... Z79: =IF(OR($B79>$K$1,Z$78>$K$1),0,LN(INDEX($C$79:$L$88,$B79,Z$78)*INDEX($N$91:$N$100,Z$78)/INDEX($N$91:$N$100,$B79))^2) -> 0
B80: 2 | C80: =IF(ISNA(VLOOKUP((10*C$78+$B80),$A$21:$O$65,15,0)),0,1/VLOOKUP((10*C$78+$B80),$A$21:$O$65,15,0)) -> 0.5 | D80: 1 | E80: =IF(ISNA(VLOOKUP(($B80*10+E$78),$A$21:$O$65,15,0)),0,VLOOKUP(($B80*10+E$78),$A$21:$O$65,15,0)) -> 0.5 | F80: =IF(ISNA(VLOOKUP(($B80*10+F$78),$A$21:$O$65,15,0)),0,VLOOKUP(($B80*10+F$78),$A$21:$O$65,15,0)) -> 0 | G80: =IF(ISNA(VLOOKUP(($B80*10+G$78),$A$21:$O$65,15,0)),0,VLOOKUP(($B80*10+G$78),$A$21:$O$65,15,0)) -> 0 | H80: =IF(ISNA(VLOOKUP(($B80*10+H$78),$A$21:$O$65,15,0)),0,VLOOKUP(($B80*10+H$78),$A$21:$O$65,15,0)) -> 0 | I80: =IF(ISNA(VLOOKUP(($B80*10+I$78),$A$21:$O$65,15,0)),0,VLOOKUP(($B80*10+I$78),$A$21:$O$65,15,0)) -> 0 | J80: =IF(ISNA(VLOOKUP(($B80*10+J$78),$A$21:$O$65,15,0)),0,VLOOKUP(($B80*10+J$78),$A$21:$O$65,15,0)) -> 0 | K80: =IF(ISNA(VLOOKUP(($B80*10+K$78),$A$21:$O$65,15,0)),0,VLOOKUP(($B80*10+K$78),$A$21:$O$65,15,0)) -> 0 | L80: =IF(ISNA(VLOOKUP(($B80*10+L$78),$A$21:$O$65,15,0)),0,VLOOKUP(($B80*10+L$78),$A$21:$O$65,15,0)) -> 0 | P80: =SQRT( SUM(Q80:Z80)/($K$1-1) ) -> 0.23104906 | Q80: =IF(OR($B80>$K$1,Q$78>$K$1),0,LN(INDEX($C$79:$L$88,$B80,Q$78)*INDEX($N$91:$N$100,Q$78)/INDEX($N$91:$N$100,$B80))^2) -> 0.053383668 | R80: =IF(OR($B80>$K$1,R$78>$K$1),0,LN(INDEX($C$79:$L$88,$B80,R$78)*INDEX($N$91:$N$100,R$78)/INDEX($N$91:$N$100,$B80))^2) -> 0 | S80: =IF(OR($B80>$K$1,S$78>$K$1),0,LN(INDEX($C$79:$L$88,$B80,S$78)*INDEX($N$91:$N$100,S$78)/INDEX($N$91:$N$100,$B80))^2) -> 0.053383668 | T80: =IF(OR($B80>$K$1,T$78>$K$1),0,LN(INDEX($C$79:$L$88,$B80,T$78)*INDEX($N$91:$N$100,T$78)/INDEX($N$91:$N$100,$B80))^2) -> 0 | U80: =IF(OR($B80>$K$1,U$78>$K$1),0,LN(INDEX($C$79:$L$88,$B80,U$78)*INDEX($N$91:$N$100,U$78)/INDEX($N$91:$N$100,$B80))^2) -> 0 | V80: =IF(OR($B80>$K$1,V$78>$K$1),0,LN(INDEX($C$79:$L$88,$B80,V$78)*INDEX($N$91:$N$100,V$78)/INDEX($N$91:$N$100,$B80))^2) -> 0 | W80: =IF(OR($B80>$K$1,W$78>$K$1),0,LN(INDEX($C$79:$L$88,$B80,W$78)*INDEX($N$91:$N$100,W$78)/INDEX($N$91:$N$100,$B80))^2) -> 0 | X80: =IF(OR($B80>$K$1,X$78>$K$1),0,LN(INDEX($C$79:$L$88,$B80,X$78)*INDEX($N$91:$N$100,X$78)/INDEX($N$91:$N$100,$B80))^2) -> 0 | ... Z80: =IF(OR($B80>$K$1,Z$78>$K$1),0,LN(INDEX($C$79:$L$88,$B80,Z$78)*INDEX($N$91:$N$100,Z$78)/INDEX($N$91:$N$100,$B80))^2) -> 0
B81: 3 | C81: =IF(ISNA(VLOOKUP((10*C$78+$B81),$A$21:$O$65,15,0)),0,1/VLOOKUP((10*C$78+$B81),$A$21:$O$65,15,0)) -> 0.5 | D81: =IF(ISNA(VLOOKUP((10*D$78+$B81),$A$21:$O$65,15,0)),0,1/VLOOKUP((10*D$78+$B81),$A$21:$O$65,15,0)) -> 2 | E81: 1 | F81: =IF(ISNA(VLOOKUP(($B81*10+F$78),$A$21:$O$65,15,0)),0,VLOOKUP(($B81*10+F$78),$A$21:$O$65,15,0)) -> 0 | G81: =IF(ISNA(VLOOKUP(($B81*10+G$78),$A$21:$O$65,15,0)),0,VLOOKUP(($B81*10+G$78),$A$21:$O$65,15,0)) -> 0 | H81: =IF(ISNA(VLOOKUP(($B81*10+H$78),$A$21:$O$65,15,0)),0,VLOOKUP(($B81*10+H$78),$A$21:$O$65,15,0)) -> 0 | I81: =IF(ISNA(VLOOKUP(($B81*10+I$78),$A$21:$O$65,15,0)),0,VLOOKUP(($B81*10+I$78),$A$21:$O$65,15,0)) -> 0 | J81: =IF(ISNA(VLOOKUP(($B81*10+J$78),$A$21:$O$65,15,0)),0,VLOOKUP(($B81*10+J$78),$A$21:$O$65,15,0)) -> 0 | K81: =IF(ISNA(VLOOKUP(($B81*10+K$78),$A$21:$O$65,15,0)),0,VLOOKUP(($B81*10+K$78),$A$21:$O$65,15,0)) -> 0 | L81: =IF(ISNA(VLOOKUP(($B81*10+L$78),$A$21:$O$65,15,0)),0,VLOOKUP(($B81*10+L$78),$A$21:$O$65,15,0)) -> 0 | P81: =SQRT( SUM(Q81:Z81)/($K$1-1) ) -> 0.23104906 | Q81: =IF(OR($B81>$K$1,Q$78>$K$1),0,LN(INDEX($C$79:$L$88,$B81,Q$78)*INDEX($N$91:$N$100,Q$78)/INDEX($N$91:$N$100,$B81))^2) -> 0.053383668 | R81: =IF(OR($B81>$K$1,R$78>$K$1),0,LN(INDEX($C$79:$L$88,$B81,R$78)*INDEX($N$91:$N$100,R$78)/INDEX($N$91:$N$100,$B81))^2) -> 0.053383668 | S81: =IF(OR($B81>$K$1,S$78>$K$1),0,LN(INDEX($C$79:$L$88,$B81,S$78)*INDEX($N$91:$N$100,S$78)/INDEX($N$91:$N$100,$B81))^2) -> 0 | T81: =IF(OR($B81>$K$1,T$78>$K$1),0,LN(INDEX($C$79:$L$88,$B81,T$78)*INDEX($N$91:$N$100,T$78)/INDEX($N$91:$N$100,$B81))^2) -> 0 | U81: =IF(OR($B81>$K$1,U$78>$K$1),0,LN(INDEX($C$79:$L$88,$B81,U$78)*INDEX($N$91:$N$100,U$78)/INDEX($N$91:$N$100,$B81))^2) -> 0 | V81: =IF(OR($B81>$K$1,V$78>$K$1),0,LN(INDEX($C$79:$L$88,$B81,V$78)*INDEX($N$91:$N$100,V$78)/INDEX($N$91:$N$100,$B81))^2) -> 0 | W81: =IF(OR($B81>$K$1,W$78>$K$1),0,LN(INDEX($C$79:$L$88,$B81,W$78)*INDEX($N$91:$N$100,W$78)/INDEX($N$91:$N$100,$B81))^2) -> 0 | X81: =IF(OR($B81>$K$1,X$78>$K$1),0,LN(INDEX($C$79:$L$88,$B81,X$78)*INDEX($N$91:$N$100,X$78)/INDEX($N$91:$N$100,$B81))^2) -> 0 | ... Z81: =IF(OR($B81>$K$1,Z$78>$K$1),0,LN(INDEX($C$79:$L$88,$B81,Z$78)*INDEX($N$91:$N$100,Z$78)/INDEX($N$91:$N$100,$B81))^2) -> 0
B82: 4 | C82: =IF(ISNA(VLOOKUP((10*C$78+$B82),$A$21:$O$65,15,0)),0,1/VLOOKUP((10*C$78+$B82),$A$21:$O$65,15,0)) -> 0 | D82: =IF(ISNA(VLOOKUP((10*D$78+$B82),$A$21:$O$65,15,0)),0,1/VLOOKUP((10*D$78+$B82),$A$21:$O$65,15,0)) -> 0 | E82: =IF(ISNA(VLOOKUP((10*E$78+$B82),$A$21:$O$65,15,0)),0,1/VLOOKUP((10*E$78+$B82),$A$21:$O$65,15,0)) -> 0 | F82: 1 | G82: =IF(ISNA(VLOOKUP(($B82*10+G$78),$A$21:$O$65,15,0)),0,VLOOKUP(($B82*10+G$78),$A$21:$O$65,15,0)) -> 0 | H82: =IF(ISNA(VLOOKUP(($B82*10+H$78),$A$21:$O$65,15,0)),0,VLOOKUP(($B82*10+H$78),$A$21:$O$65,15,0)) -> 0 | I82: =IF(ISNA(VLOOKUP(($B82*10+I$78),$A$21:$O$65,15,0)),0,VLOOKUP(($B82*10+I$78),$A$21:$O$65,15,0)) -> 0 | J82: =IF(ISNA(VLOOKUP(($B82*10+J$78),$A$21:$O$65,15,0)),0,VLOOKUP(($B82*10+J$78),$A$21:$O$65,15,0)) -> 0 | K82: =IF(ISNA(VLOOKUP(($B82*10+K$78),$A$21:$O$65,15,0)),0,VLOOKUP(($B82*10+K$78),$A$21:$O$65,15,0)) -> 0 | L82: =IF(ISNA(VLOOKUP(($B82*10+L$78),$A$21:$O$65,15,0)),0,VLOOKUP(($B82*10+L$78),$A$21:$O$65,15,0)) -> 0 | P82: =SQRT( SUM(Q82:Z82)/($K$1-1) ) -> 0 | Q82: =IF(OR($B82>$K$1,Q$78>$K$1),0,LN(INDEX($C$79:$L$88,$B82,Q$78)*INDEX($N$91:$N$100,Q$78)/INDEX($N$91:$N$100,$B82))^2) -> 0 | R82: =IF(OR($B82>$K$1,R$78>$K$1),0,LN(INDEX($C$79:$L$88,$B82,R$78)*INDEX($N$91:$N$100,R$78)/INDEX($N$91:$N$100,$B82))^2) -> 0 | S82: =IF(OR($B82>$K$1,S$78>$K$1),0,LN(INDEX($C$79:$L$88,$B82,S$78)*INDEX($N$91:$N$100,S$78)/INDEX($N$91:$N$100,$B82))^2) -> 0 | T82: =IF(OR($B82>$K$1,T$78>$K$1),0,LN(INDEX($C$79:$L$88,$B82,T$78)*INDEX($N$91:$N$100,T$78)/INDEX($N$91:$N$100,$B82))^2) -> 0 | U82: =IF(OR($B82>$K$1,U$78>$K$1),0,LN(INDEX($C$79:$L$88,$B82,U$78)*INDEX($N$91:$N$100,U$78)/INDEX($N$91:$N$100,$B82))^2) -> 0 | V82: =IF(OR($B82>$K$1,V$78>$K$1),0,LN(INDEX($C$79:$L$88,$B82,V$78)*INDEX($N$91:$N$100,V$78)/INDEX($N$91:$N$100,$B82))^2) -> 0 | W82: =IF(OR($B82>$K$1,W$78>$K$1),0,LN(INDEX($C$79:$L$88,$B82,W$78)*INDEX($N$91:$N$100,W$78)/INDEX($N$91:$N$100,$B82))^2) -> 0 | X82: =IF(OR($B82>$K$1,X$78>$K$1),0,LN(INDEX($C$79:$L$88,$B82,X$78)*INDEX($N$91:$N$100,X$78)/INDEX($N$91:$N$100,$B82))^2) -> 0 | ... Z82: =IF(OR($B82>$K$1,Z$78>$K$1),0,LN(INDEX($C$79:$L$88,$B82,Z$78)*INDEX($N$91:$N$100,Z$78)/INDEX($N$91:$N$100,$B82))^2) -> 0
B83: 5 | C83: =IF(ISNA(VLOOKUP((10*C$78+$B83),$A$21:$O$65,15,0)),0,1/VLOOKUP((10*C$78+$B83),$A$21:$O$65,15,0)) -> 0 | D83: =IF(ISNA(VLOOKUP((10*D$78+$B83),$A$21:$O$65,15,0)),0,1/VLOOKUP((10*D$78+$B83),$A$21:$O$65,15,0)) -> 0 | E83: =IF(ISNA(VLOOKUP((10*E$78+$B83),$A$21:$O$65,15,0)),0,1/VLOOKUP((10*E$78+$B83),$A$21:$O$65,15,0)) -> 0 | F83: =IF(ISNA(VLOOKUP((10*F$78+$B83),$A$21:$O$65,15,0)),0,1/VLOOKUP((10*F$78+$B83),$A$21:$O$65,15,0)) -> 0 | G83: 1 | H83: =IF(ISNA(VLOOKUP(($B83*10+H$78),$A$21:$O$65,15,0)),0,VLOOKUP(($B83*10+H$78),$A$21:$O$65,15,0)) -> 0 | I83: =IF(ISNA(VLOOKUP(($B83*10+I$78),$A$21:$O$65,15,0)),0,VLOOKUP(($B83*10+I$78),$A$21:$O$65,15,0)) -> 0 | J83: =IF(ISNA(VLOOKUP(($B83*10+J$78),$A$21:$O$65,15,0)),0,VLOOKUP(($B83*10+J$78),$A$21:$O$65,15,0)) -> 0 | K83: =IF(ISNA(VLOOKUP(($B83*10+K$78),$A$21:$O$65,15,0)),0,VLOOKUP(($B83*10+K$78),$A$21:$O$65,15,0)) -> 0 | L83: =IF(ISNA(VLOOKUP(($B83*10+L$78),$A$21:$O$65,15,0)),0,VLOOKUP(($B83*10+L$78),$A$21:$O$65,15,0)) -> 0 | P83: =SQRT( SUM(Q83:Z83)/($K$1-1) ) -> 0 | Q83: =IF(OR($B83>$K$1,Q$78>$K$1),0,LN(INDEX($C$79:$L$88,$B83,Q$78)*INDEX($N$91:$N$100,Q$78)/INDEX($N$91:$N$100,$B83))^2) -> 0 | R83: =IF(OR($B83>$K$1,R$78>$K$1),0,LN(INDEX($C$79:$L$88,$B83,R$78)*INDEX($N$91:$N$100,R$78)/INDEX($N$91:$N$100,$B83))^2) -> 0 | S83: =IF(OR($B83>$K$1,S$78>$K$1),0,LN(INDEX($C$79:$L$88,$B83,S$78)*INDEX($N$91:$N$100,S$78)/INDEX($N$91:$N$100,$B83))^2) -> 0 | T83: =IF(OR($B83>$K$1,T$78>$K$1),0,LN(INDEX($C$79:$L$88,$B83,T$78)*INDEX($N$91:$N$100,T$78)/INDEX($N$91:$N$100,$B83))^2) -> 0 | U83: =IF(OR($B83>$K$1,U$78>$K$1),0,LN(INDEX($C$79:$L$88,$B83,U$78)*INDEX($N$91:$N$100,U$78)/INDEX($N$91:$N$100,$B83))^2) -> 0 | V83: =IF(OR($B83>$K$1,V$78>$K$1),0,LN(INDEX($C$79:$L$88,$B83,V$78)*INDEX($N$91:$N$100,V$78)/INDEX($N$91:$N$100,$B83))^2) -> 0 | W83: =IF(OR($B83>$K$1,W$78>$K$1),0,LN(INDEX($C$79:$L$88,$B83,W$78)*INDEX($N$91:$N$100,W$78)/INDEX($N$91:$N$100,$B83))^2) -> 0 | X83: =IF(OR($B83>$K$1,X$78>$K$1),0,LN(INDEX($C$79:$L$88,$B83,X$78)*INDEX($N$91:$N$100,X$78)/INDEX($N$91:$N$100,$B83))^2) -> 0 | ... Z83: =IF(OR($B83>$K$1,Z$78>$K$1),0,LN(INDEX($C$79:$L$88,$B83,Z$78)*INDEX($N$91:$N$100,Z$78)/INDEX($N$91:$N$100,$B83))^2) -> 0
B84: 6 | C84: =IF(ISNA(VLOOKUP((10*C$78+$B84),$A$21:$O$65,15,0)),0,1/VLOOKUP((10*C$78+$B84),$A$21:$O$65,15,0)) -> 0 | D84: =IF(ISNA(VLOOKUP((10*D$78+$B84),$A$21:$O$65,15,0)),0,1/VLOOKUP((10*D$78+$B84),$A$21:$O$65,15,0)) -> 0 | E84: =IF(ISNA(VLOOKUP((10*E$78+$B84),$A$21:$O$65,15,0)),0,1/VLOOKUP((10*E$78+$B84),$A$21:$O$65,15,0)) -> 0 | F84: =IF(ISNA(VLOOKUP((10*F$78+$B84),$A$21:$O$65,15,0)),0,1/VLOOKUP((10*F$78+$B84),$A$21:$O$65,15,0)) -> 0 | G84: =IF(ISNA(VLOOKUP((10*G$78+$B84),$A$21:$O$65,15,0)),0,1/VLOOKUP((10*G$78+$B84),$A$21:$O$65,15,0)) -> 0 | H84: 1 | I84: =IF(ISNA(VLOOKUP(($B84*10+I$78),$A$21:$O$65,15,0)),0,VLOOKUP(($B84*10+I$78),$A$21:$O$65,15,0)) -> 0 | J84: =IF(ISNA(VLOOKUP(($B84*10+J$78),$A$21:$O$65,15,0)),0,VLOOKUP(($B84*10+J$78),$A$21:$O$65,15,0)) -> 0 | K84: =IF(ISNA(VLOOKUP(($B84*10+K$78),$A$21:$O$65,15,0)),0,VLOOKUP(($B84*10+K$78),$A$21:$O$65,15,0)) -> 0 | L84: =IF(ISNA(VLOOKUP(($B84*10+L$78),$A$21:$O$65,15,0)),0,VLOOKUP(($B84*10+L$78),$A$21:$O$65,15,0)) -> 0 | P84: =SQRT( SUM(Q84:Z84)/($K$1-1) ) -> 0 | Q84: =IF(OR($B84>$K$1,Q$78>$K$1),0,LN(INDEX($C$79:$L$88,$B84,Q$78)*INDEX($N$91:$N$100,Q$78)/INDEX($N$91:$N$100,$B84))^2) -> 0 | R84: =IF(OR($B84>$K$1,R$78>$K$1),0,LN(INDEX($C$79:$L$88,$B84,R$78)*INDEX($N$91:$N$100,R$78)/INDEX($N$91:$N$100,$B84))^2) -> 0 | S84: =IF(OR($B84>$K$1,S$78>$K$1),0,LN(INDEX($C$79:$L$88,$B84,S$78)*INDEX($N$91:$N$100,S$78)/INDEX($N$91:$N$100,$B84))^2) -> 0 | T84: =IF(OR($B84>$K$1,T$78>$K$1),0,LN(INDEX($C$79:$L$88,$B84,T$78)*INDEX($N$91:$N$100,T$78)/INDEX($N$91:$N$100,$B84))^2) -> 0 | U84: =IF(OR($B84>$K$1,U$78>$K$1),0,LN(INDEX($C$79:$L$88,$B84,U$78)*INDEX($N$91:$N$100,U$78)/INDEX($N$91:$N$100,$B84))^2) -> 0 | V84: =IF(OR($B84>$K$1,V$78>$K$1),0,LN(INDEX($C$79:$L$88,$B84,V$78)*INDEX($N$91:$N$100,V$78)/INDEX($N$91:$N$100,$B84))^2) -> 0 | W84: =IF(OR($B84>$K$1,W$78>$K$1),0,LN(INDEX($C$79:$L$88,$B84,W$78)*INDEX($N$91:$N$100,W$78)/INDEX($N$91:$N$100,$B84))^2) -> 0 | X84: =IF(OR($B84>$K$1,X$78>$K$1),0,LN(INDEX($C$79:$L$88,$B84,X$78)*INDEX($N$91:$N$100,X$78)/INDEX($N$91:$N$100,$B84))^2) -> 0 | ... Z84: =IF(OR($B84>$K$1,Z$78>$K$1),0,LN(INDEX($C$79:$L$88,$B84,Z$78)*INDEX($N$91:$N$100,Z$78)/INDEX($N$91:$N$100,$B84))^2) -> 0
B85: 7 | C85: =IF(ISNA(VLOOKUP((10*C$78+$B85),$A$21:$O$65,15,0)),0,1/VLOOKUP((10*C$78+$B85),$A$21:$O$65,15,0)) -> 0 | D85: =IF(ISNA(VLOOKUP((10*D$78+$B85),$A$21:$O$65,15,0)),0,1/VLOOKUP((10*D$78+$B85),$A$21:$O$65,15,0)) -> 0 | E85: =IF(ISNA(VLOOKUP((10*E$78+$B85),$A$21:$O$65,15,0)),0,1/VLOOKUP((10*E$78+$B85),$A$21:$O$65,15,0)) -> 0 | F85: =IF(ISNA(VLOOKUP((10*F$78+$B85),$A$21:$O$65,15,0)),0,1/VLOOKUP((10*F$78+$B85),$A$21:$O$65,15,0)) -> 0 | G85: =IF(ISNA(VLOOKUP((10*G$78+$B85),$A$21:$O$65,15,0)),0,1/VLOOKUP((10*G$78+$B85),$A$21:$O$65,15,0)) -> 0 | H85: =IF(ISNA(VLOOKUP((10*H$78+$B85),$A$21:$O$65,15,0)),0,1/VLOOKUP((10*H$78+$B85),$A$21:$O$65,15,0)) -> 0 | I85: 1 | J85: =IF(ISNA(VLOOKUP(($B85*10+J$78),$A$21:$O$65,15,0)),0,VLOOKUP(($B85*10+J$78),$A$21:$O$65,15,0)) -> 0 | K85: =IF(ISNA(VLOOKUP(($B85*10+K$78),$A$21:$O$65,15,0)),0,VLOOKUP(($B85*10+K$78),$A$21:$O$65,15,0)) -> 0 | L85: =IF(ISNA(VLOOKUP(($B85*10+L$78),$A$21:$O$65,15,0)),0,VLOOKUP(($B85*10+L$78),$A$21:$O$65,15,0)) -> 0 | P85: =SQRT( SUM(Q85:Z85)/($K$1-1) ) -> 0 | Q85: =IF(OR($B85>$K$1,Q$78>$K$1),0,LN(INDEX($C$79:$L$88,$B85,Q$78)*INDEX($N$91:$N$100,Q$78)/INDEX($N$91:$N$100,$B85))^2) -> 0 | R85: =IF(OR($B85>$K$1,R$78>$K$1),0,LN(INDEX($C$79:$L$88,$B85,R$78)*INDEX($N$91:$N$100,R$78)/INDEX($N$91:$N$100,$B85))^2) -> 0 | S85: =IF(OR($B85>$K$1,S$78>$K$1),0,LN(INDEX($C$79:$L$88,$B85,S$78)*INDEX($N$91:$N$100,S$78)/INDEX($N$91:$N$100,$B85))^2) -> 0 | T85: =IF(OR($B85>$K$1,T$78>$K$1),0,LN(INDEX($C$79:$L$88,$B85,T$78)*INDEX($N$91:$N$100,T$78)/INDEX($N$91:$N$100,$B85))^2) -> 0 | U85: =IF(OR($B85>$K$1,U$78>$K$1),0,LN(INDEX($C$79:$L$88,$B85,U$78)*INDEX($N$91:$N$100,U$78)/INDEX($N$91:$N$100,$B85))^2) -> 0 | V85: =IF(OR($B85>$K$1,V$78>$K$1),0,LN(INDEX($C$79:$L$88,$B85,V$78)*INDEX($N$91:$N$100,V$78)/INDEX($N$91:$N$100,$B85))^2) -> 0 | W85: =IF(OR($B85>$K$1,W$78>$K$1),0,LN(INDEX($C$79:$L$88,$B85,W$78)*INDEX($N$91:$N$100,W$78)/INDEX($N$91:$N$100,$B85))^2) -> 0 | X85: =IF(OR($B85>$K$1,X$78>$K$1),0,LN(INDEX($C$79:$L$88,$B85,X$78)*INDEX($N$91:$N$100,X$78)/INDEX($N$91:$N$100,$B85))^2) -> 0 | ... Z85: =IF(OR($B85>$K$1,Z$78>$K$1),0,LN(INDEX($C$79:$L$88,$B85,Z$78)*INDEX($N$91:$N$100,Z$78)/INDEX($N$91:$N$100,$B85))^2) -> 0
